train_number,journey_date,current_station,next_station,station_sequence,current_departure_delay,previous_departure_delay,next_station_sequence,scheduled_travel_time,target_arrival_delay,day_of_week
12002,2026-08-10,BPL,RKMP,93,15.0,15.0,94,28.0,5.0,0
12002,2026-08-11,BPL,RKMP,93,15.0,15.0,94,28.0,0.0,1
12002,2026-08-12,BPL,RKMP,93,13.0,13.0,94,28.0,3.0,2
12002,2026-08-13,BPL,RKMP,93,22.0,22.0,94,28.0,8.0,3
12002,2026-08-14,BPL,RKMP,93,41.0,41.0,94,28.0,28.0,4
12002,2026-08-15,BPL,RKMP,93,10.0,10.0,94,28.0,0.0,5
12002,2026-08-16,BPL,RKMP,93,26.0,26.0,94,28.0,10.0,6
12002,2026-08-17,BPL,RKMP,93,36.0,36.0,94,28.0,23.0,0
12002,2026-08-18,BPL,RKMP,93,31.0,31.0,94,28.0,16.0,1
12002,2026-08-19,BPL,RKMP,93,23.0,23.0,94,28.0,7.0,2
12002,2026-09-11,MTJ,AGC,23,17.0,0.0,31,31.0,20.0,4
12002,2026-09-11,AGC,DHO,31,20.0,17.0,35,49.0,10.0,4
12002,2026-09-11,DHO,MRA,35,11.0,20.0,39,18.0,14.0,4
12002,2026-09-11,MRA,GWL,39,14.0,11.0,45,26.0,17.0,4
12002,2026-09-11,GWL,VGLJ,45,17.0,14.0,56,82.0,9.0,4
12002,2026-09-11,VGLJ,LAR,56,10.0,17.0,68,57.0,40.0,4
12002,2026-09-11,LAR,BINA,68,45.0,10.0,75,58.0,32.0,4
12002,2026-09-11,BINA,BPL,75,33.0,45.0,93,92.0,31.0,4
12002,2026-09-11,BPL,RKMP,93,35.0,33.0,94,28.0,22.0,4
12919,2026-08-10,SHRN,BPL,42,5.0,5.0,43,27.0,25.0,0
12919,2026-08-10,CRWL,SVDK,233,255.0,255.0,234,32.0,239.0,0
12919,2026-08-20,INDB,DWX,7,10.0,10.0,13,46.0,7.0,3
12919,2026-08-20,DWX,UJN,13,11.0,10.0,19,54.0,-8.0,3
12919,2026-08-20,MKC,BCH,24,11.0,11.0,26,16.0,9.0,3
12919,2026-08-20,BCH,AKD,26,11.0,11.0,30,28.0,4.0,3
12919,2026-08-20,AKD,SJP,30,8.0,11.0,32,13.0,5.0,3
12919,2026-08-20,SJP,KPP,32,8.0,8.0,34,15.0,3.0,3
12919,2026-08-20,KPP,SEH,34,8.0,8.0,38,23.0,5.0,3
12919,2026-08-20,SEH,SHRN,38,12.0,8.0,42,43.0,2.0,3
12919,2026-08-20,SHRN,BPL,42,10.0,12.0,43,27.0,15.0,3
12919,2026-08-20,NSZ,BHS,44,35.0,35.0,50,23.0,52.0,3
12919,2026-08-20,BHS,BAQ,50,58.0,35.0,55,26.0,62.0,3
12919,2026-08-20,BAQ,BINA,55,66.0,58.0,61,59.0,42.0,3
12919,2026-08-20,BINA,LAR,61,48.0,66.0,68,44.0,49.0,3
12919,2026-08-20,LAR,BAB,68,54.0,48.0,77,40.0,49.0,3
12919,2026-08-20,BAB,VGLJ,77,53.0,54.0,80,36.0,39.0,3
12919,2026-08-20,VGLJ,DAA,80,46.0,53.0,82,29.0,40.0,3
12919,2026-08-20,DAA,DBA,82,46.0,46.0,85,23.0,46.0,3
12919,2026-08-20,DBA,GWL,85,50.0,46.0,91,32.0,51.0,3
12919,2026-08-20,GWL,MRA,91,58.0,50.0,97,31.0,58.0,3
12919,2026-08-20,MRA,DHO,97,62.0,58.0,101,43.0,42.0,3
12919,2026-08-20,DHO,AGC,101,41.0,62.0,105,32.0,51.0,3
12919,2026-08-20,AGC,MTJ,105,58.0,41.0,113,43.0,53.0,3
12919,2026-08-20,MTJ,KSV,113,58.0,58.0,118,29.0,62.0,3
12919,2026-08-20,KSV,PWL,118,67.0,58.0,123,66.0,26.0,3
12919,2026-08-20,PWL,BVH,123,30.0,67.0,125,18.0,29.0,3
12919,2026-08-20,BVH,FDB,125,35.0,30.0,127,11.0,32.0,3
12919,2026-08-20,FDB,NZM,127,36.0,35.0,131,21.0,42.0,3
12919,2026-08-20,NZM,NDLS,131,48.0,36.0,135,27.0,35.0,3
12919,2026-08-20,NDLS,SNP,135,53.0,48.0,146,55.0,49.0,3
12919,2026-08-20,SNP,PNP,146,52.0,53.0,152,30.0,112.0,3
12919,2026-08-20,PNP,KUN,152,115.0,52.0,157,24.0,115.0,3
12919,2026-08-20,KUN,KKDE,157,118.0,115.0,162,26.0,117.0,3
12919,2026-08-20,KKDE,UMB,162,132.0,118.0,168,60.0,146.0,3
12919,2026-08-20,UMB,SIR,168,154.0,132.0,174,38.0,160.0,3
12919,2026-08-20,SIR,KNN,174,164.0,154.0,176,17.0,160.0,3
12919,2026-08-20,KNN,LDH,176,163.0,164.0,183,75.0,122.0,3
12919,2026-08-20,LDH,JRC,183,133.0,163.0,190,53.0,134.0,3
12919,2026-08-20,JRC,DZA,190,140.0,133.0,203,68.0,115.0,3
12919,2026-08-20,DZA,MEX,203,118.0,140.0,206,17.0,115.0,3
12919,2026-08-20,MEX,PTKC,206,120.0,118.0,213,29.0,124.0,3
12919,2026-08-20,PTKC,MSKT,213,128.0,120.0,217,41.0,117.0,3
12919,2026-08-20,MSKT,JAT,217,121.0,128.0,227,82.0,100.0,3
12919,2026-08-20,JAT,RMJK,227,112.0,121.0,231,49.0,124.0,3
12919,2026-08-20,CRWL,SVDK,233,144.0,144.0,234,32.0,130.0,3
12919,2026-08-21,INDB,DWX,7,10.0,6.0,13,46.0,6.0,4
12919,2026-08-21,DWX,UJN,13,10.0,10.0,19,54.0,25.0,4
12919,2026-08-21,MKC,BCH,24,15.0,15.0,26,16.0,13.0,4
12919,2026-08-21,BCH,AKD,26,17.0,15.0,30,28.0,8.0,4
12919,2026-08-21,AKD,SJP,30,13.0,17.0,32,13.0,10.0,4
12919,2026-08-21,SJP,KPP,32,13.0,13.0,34,15.0,7.0,4
12919,2026-08-21,KPP,SEH,34,11.0,13.0,38,23.0,11.0,4
12919,2026-08-21,SEH,SHRN,38,14.0,11.0,42,43.0,-3.0,4
12919,2026-08-21,SHRN,BPL,42,3.0,14.0,43,27.0,12.0,4
12919,2026-08-21,NSZ,BHS,44,31.0,31.0,50,23.0,53.0,4
12919,2026-08-21,BHS,BAQ,50,57.0,31.0,55,26.0,56.0,4
12919,2026-08-21,BAQ,BINA,55,60.0,57.0,61,59.0,38.0,4
12919,2026-08-21,BINA,LAR,61,44.0,60.0,68,44.0,47.0,4
12919,2026-08-21,LAR,BAB,68,53.0,44.0,77,40.0,50.0,4
12919,2026-08-21,BAB,VGLJ,77,54.0,53.0,80,36.0,40.0,4
12919,2026-08-21,VGLJ,DAA,80,46.0,54.0,82,29.0,39.0,4
12919,2026-08-21,DAA,DBA,82,45.0,46.0,85,23.0,43.0,4
12919,2026-08-21,DBA,GWL,85,48.0,45.0,91,32.0,51.0,4
12919,2026-08-21,GWL,MRA,91,60.0,48.0,97,31.0,53.0,4
12919,2026-08-21,MRA,DHO,97,55.0,60.0,101,43.0,35.0,4
12919,2026-08-21,DHO,AGC,101,39.0,55.0,105,32.0,43.0,4
12919,2026-08-21,AGC,MTJ,105,50.0,39.0,113,43.0,45.0,4
12919,2026-08-21,MTJ,KSV,113,50.0,50.0,118,29.0,54.0,4
12919,2026-08-21,KSV,PWL,118,60.0,50.0,123,66.0,18.0,4
12919,2026-08-21,PWL,BVH,123,22.0,60.0,125,18.0,25.0,4
12919,2026-08-21,BVH,FDB,125,32.0,22.0,127,11.0,30.0,4
12919,2026-08-21,FDB,NZM,127,33.0,32.0,131,21.0,37.0,4
12919,2026-08-21,NZM,NDLS,131,43.0,33.0,135,27.0,31.0,4
12919,2026-08-21,NDLS,SNP,135,43.0,43.0,146,55.0,42.0,4
12919,2026-08-21,SNP,PNP,146,46.0,43.0,152,30.0,51.0,4
12919,2026-08-21,PNP,KUN,152,54.0,46.0,157,24.0,52.0,4
12919,2026-08-21,KUN,KKDE,157,54.0,54.0,162,26.0,48.0,4
12919,2026-08-21,KKDE,UMB,162,81.0,54.0,168,60.0,93.0,4
12919,2026-08-21,UMB,SIR,168,107.0,81.0,174,38.0,107.0,4
12919,2026-08-21,SIR,KNN,174,111.0,107.0,176,17.0,106.0,4
12919,2026-08-21,KNN,LDH,176,110.0,111.0,183,75.0,63.0,4
12919,2026-08-21,LDH,JRC,183,87.0,110.0,190,53.0,83.0,4
12919,2026-08-21,JRC,DZA,190,89.0,87.0,203,68.0,62.0,4
12919,2026-08-21,DZA,MEX,203,66.0,89.0,206,17.0,63.0,4
12919,2026-08-21,MEX,PTKC,206,68.0,66.0,213,29.0,73.0,4
12919,2026-08-21,PTKC,MSKT,213,75.0,68.0,217,41.0,70.0,4
12919,2026-08-21,MSKT,JAT,217,75.0,75.0,227,82.0,62.0,4
12919,2026-08-21,JAT,RMJK,227,69.0,75.0,231,49.0,90.0,4
12919,2026-08-21,CRWL,SVDK,233,117.0,117.0,234,32.0,102.0,4
12919,2026-08-22,INDB,DWX,7,19.0,5.0,13,46.0,15.0,5
12919,2026-08-22,DWX,UJN,13,17.0,19.0,19,54.0,0.0,5
12919,2026-08-22,MKC,BCH,24,27.0,27.0,26,16.0,25.0,5
12919,2026-08-22,BCH,AKD,26,27.0,27.0,30,28.0,19.0,5
12919,2026-08-22,AKD,SJP,30,23.0,27.0,32,13.0,20.0,5
12919,2026-08-22,SJP,KPP,32,24.0,23.0,34,15.0,18.0,5
12919,2026-08-22,KPP,SEH,34,23.0,24.0,38,23.0,21.0,5
12919,2026-08-22,SEH,SHRN,38,27.0,23.0,42,43.0,7.0,5
12919,2026-08-22,SHRN,BPL,42,11.0,27.0,43,27.0,71.0,5
12919,2026-08-22,NSZ,BHS,44,145.0,145.0,50,23.0,169.0,5
12919,2026-08-22,BHS,BAQ,50,172.0,145.0,55,26.0,175.0,5
12919,2026-08-22,BAQ,BINA,55,178.0,172.0,61,59.0,171.0,5
12919,2026-08-22,BINA,LAR,61,176.0,178.0,68,44.0,197.0,5
12919,2026-08-22,LAR,BAB,68,200.0,176.0,77,40.0,196.0,5
12919,2026-08-22,BAB,VGLJ,77,200.0,200.0,80,36.0,189.0,5
12919,2026-08-22,VGLJ,DAA,80,194.0,200.0,82,29.0,190.0,5
12919,2026-08-22,DAA,DBA,82,204.0,194.0,85,23.0,205.0,5
12919,2026-08-22,DBA,GWL,85,209.0,204.0,91,32.0,231.0,5
12919,2026-08-22,GWL,MRA,91,235.0,209.0,97,31.0,228.0,5
12919,2026-08-22,MRA,DHO,97,238.0,235.0,101,43.0,221.0,5
12919,2026-08-22,DHO,AGC,101,226.0,238.0,105,32.0,231.0,5
12919,2026-08-22,AGC,MTJ,105,238.0,226.0,113,43.0,231.0,5
12919,2026-08-22,MTJ,KSV,113,235.0,238.0,118,29.0,242.0,5
12919,2026-08-22,KSV,PWL,118,248.0,235.0,123,66.0,207.0,5
12919,2026-08-22,PWL,BVH,123,210.0,248.0,125,18.0,208.0,5
12919,2026-08-22,BVH,FDB,125,215.0,210.0,127,11.0,217.0,5
12919,2026-08-22,FDB,NZM,127,220.0,215.0,131,21.0,218.0,5
12919,2026-08-22,NZM,NDLS,131,225.0,220.0,135,27.0,211.0,5
12919,2026-08-22,NDLS,SNP,135,216.0,225.0,146,55.0,231.0,5
12919,2026-08-22,SNP,PNP,146,235.0,216.0,152,30.0,267.0,5
12919,2026-08-22,PNP,KUN,152,271.0,235.0,157,24.0,268.0,5
12919,2026-08-22,KUN,KKDE,157,269.0,271.0,162,26.0,263.0,5
12919,2026-08-22,KKDE,UMB,162,267.0,269.0,168,60.0,265.0,5
12919,2026-08-22,UMB,SIR,168,268.0,267.0,174,38.0,273.0,5
12919,2026-08-22,SIR,KNN,174,277.0,268.0,176,17.0,273.0,5
12919,2026-08-22,KNN,LDH,176,273.0,277.0,183,75.0,234.0,5
12919,2026-08-22,LDH,JRC,183,238.0,273.0,190,53.0,235.0,5
12919,2026-08-22,JRC,DZA,190,241.0,238.0,203,68.0,216.0,5
12919,2026-08-22,DZA,MEX,203,219.0,241.0,206,17.0,216.0,5
12919,2026-08-22,MEX,PTKC,206,221.0,219.0,213,29.0,224.0,5
12919,2026-08-22,PTKC,MSKT,213,229.0,221.0,217,41.0,217.0,5
12919,2026-08-22,MSKT,JAT,217,222.0,229.0,227,82.0,275.0,5
12919,2026-08-22,JAT,RMJK,227,289.0,222.0,231,49.0,289.0,5
12919,2026-08-22,CRWL,SVDK,233,293.0,293.0,234,32.0,301.0,5
12919,2026-08-23,INDB,DWX,7,10.0,6.0,13,46.0,14.0,6
12919,2026-08-23,DWX,UJN,13,18.0,10.0,19,54.0,27.0,6
12919,2026-08-23,MKC,BCH,24,20.0,20.0,26,16.0,18.0,6
12919,2026-08-23,BCH,AKD,26,20.0,20.0,30,28.0,13.0,6
12919,2026-08-23,AKD,SJP,30,16.0,20.0,32,13.0,13.0,6
12919,2026-08-23,SJP,KPP,32,16.0,16.0,34,15.0,12.0,6
12919,2026-08-23,KPP,SEH,34,16.0,16.0,38,23.0,15.0,6
12919,2026-08-23,SEH,SHRN,38,23.0,16.0,42,43.0,8.0,6
12919,2026-08-23,SHRN,BPL,42,13.0,23.0,43,27.0,18.0,6
12919,2026-08-23,NSZ,BHS,44,41.0,41.0,50,23.0,56.0,6
12919,2026-08-23,BHS,BAQ,50,60.0,41.0,55,26.0,60.0,6
12919,2026-08-23,BAQ,BINA,55,70.0,60.0,61,59.0,51.0,6
12919,2026-08-23,BINA,LAR,61,56.0,70.0,68,44.0,59.0,6
12919,2026-08-23,LAR,BAB,68,61.0,56.0,77,40.0,59.0,6
12919,2026-08-23,BAB,VGLJ,77,63.0,61.0,80,36.0,62.0,6
12919,2026-08-23,VGLJ,DAA,80,70.0,63.0,82,29.0,64.0,6
12919,2026-08-23,DAA,DBA,82,71.0,70.0,85,23.0,69.0,6
12919,2026-08-23,DBA,GWL,85,78.0,71.0,91,32.0,112.0,6
12919,2026-08-23,GWL,MRA,91,125.0,78.0,97,31.0,128.0,6
12919,2026-08-23,MRA,DHO,97,132.0,125.0,101,43.0,113.0,6
12919,2026-08-23,DHO,AGC,101,113.0,132.0,105,32.0,124.0,6
12919,2026-08-23,AGC,MTJ,105,133.0,113.0,113,43.0,129.0,6
12919,2026-08-23,MTJ,KSV,113,137.0,133.0,118,29.0,144.0,6
12919,2026-08-23,KSV,PWL,118,148.0,137.0,123,66.0,109.0,6
12919,2026-08-23,PWL,BVH,123,115.0,148.0,125,18.0,117.0,6
12919,2026-08-23,BVH,FDB,125,121.0,115.0,127,11.0,142.0,6
12919,2026-08-23,FDB,NZM,127,146.0,121.0,131,21.0,176.0,6
12919,2026-08-23,NZM,NDLS,131,183.0,146.0,135,27.0,184.0,6
12919,2026-08-23,NDLS,SNP,135,196.0,183.0,146,55.0,206.0,6
12919,2026-08-23,SNP,PNP,146,209.0,196.0,152,30.0,215.0,6
12919,2026-08-23,PNP,KUN,152,218.0,209.0,157,24.0,217.0,6
12919,2026-08-23,KUN,KKDE,157,216.0,218.0,162,26.0,211.0,6
12919,2026-08-23,KKDE,UMB,162,215.0,216.0,168,60.0,195.0,6
12919,2026-08-23,UMB,SIR,168,213.0,215.0,174,38.0,222.0,6
12919,2026-08-23,SIR,KNN,174,226.0,213.0,176,17.0,222.0,6
12919,2026-08-23,KNN,LDH,176,223.0,226.0,183,75.0,183.0,6
12919,2026-08-23,LDH,JRC,183,202.0,223.0,190,53.0,203.0,6
12919,2026-08-23,JRC,DZA,190,208.0,202.0,203,68.0,181.0,6
12919,2026-08-23,DZA,MEX,203,185.0,208.0,206,17.0,181.0,6
12919,2026-08-23,MEX,PTKC,206,187.0,185.0,213,29.0,188.0,6
12919,2026-08-23,PTKC,MSKT,213,193.0,187.0,217,41.0,180.0,6
12919,2026-08-23,MSKT,JAT,217,186.0,193.0,227,82.0,170.0,6
12919,2026-08-23,JAT,RMJK,227,178.0,186.0,231,49.0,219.0,6
12919,2026-08-23,CRWL,SVDK,233,254.0,254.0,234,32.0,247.0,6
12919,2026-08-24,INDB,DWX,7,9.0,4.0,13,46.0,3.0,0
12919,2026-08-24,DWX,UJN,13,8.0,9.0,19,54.0,-12.0,0
12919,2026-08-24,MKC,BCH,24,9.0,9.0,26,16.0,6.0,0
12919,2026-08-24,BCH,AKD,26,7.0,9.0,30,28.0,1.0,0
12919,2026-08-24,AKD,SJP,30,5.0,7.0,32,13.0,2.0,0
12919,2026-08-24,SJP,KPP,32,5.0,5.0,34,15.0,0.0,0
12919,2026-08-24,KPP,SEH,34,5.0,5.0,38,23.0,6.0,0
12919,2026-08-24,SEH,SHRN,38,17.0,5.0,42,43.0,-3.0,0
12919,2026-08-24,SHRN,BPL,42,3.0,17.0,43,27.0,11.0,0
12919,2026-08-24,NSZ,BHS,44,33.0,33.0,50,23.0,58.0,0
12919,2026-08-24,BHS,BAQ,50,69.0,33.0,55,26.0,136.0,0
12919,2026-08-24,BAQ,BINA,55,141.0,69.0,61,59.0,114.0,0
12919,2026-08-24,BINA,LAR,61,124.0,141.0,68,44.0,136.0,0
12919,2026-08-24,LAR,BAB,68,143.0,124.0,77,40.0,137.0,0
12919,2026-08-24,BAB,VGLJ,77,142.0,143.0,80,36.0,129.0,0
12919,2026-08-24,VGLJ,DAA,80,140.0,142.0,82,29.0,138.0,0
12919,2026-08-24,DAA,DBA,82,145.0,140.0,85,23.0,141.0,0
12919,2026-08-24,DBA,GWL,85,144.0,145.0,91,32.0,197.0,0
12919,2026-08-24,GWL,MRA,91,202.0,144.0,97,31.0,195.0,0
12919,2026-08-24,MRA,DHO,97,199.0,202.0,101,43.0,179.0,0
12919,2026-08-24,DHO,AGC,101,183.0,199.0,105,32.0,190.0,0
12919,2026-08-24,AGC,MTJ,105,196.0,183.0,113,43.0,190.0,0
12919,2026-08-24,MTJ,KSV,113,198.0,196.0,118,29.0,203.0,0
12919,2026-08-24,KSV,PWL,118,206.0,198.0,123,66.0,169.0,0
12919,2026-08-24,PWL,BVH,123,172.0,206.0,125,18.0,171.0,0
12919,2026-08-24,BVH,FDB,125,175.0,172.0,127,11.0,193.0,0
12919,2026-08-24,FDB,NZM,127,198.0,175.0,131,21.0,199.0,0
12919,2026-08-24,NZM,NDLS,131,206.0,198.0,135,27.0,197.0,0
12919,2026-08-24,NDLS,SNP,135,206.0,206.0,146,55.0,221.0,0
12919,2026-08-24,SNP,PNP,146,224.0,206.0,152,30.0,229.0,0
12919,2026-08-24,PNP,KUN,152,235.0,224.0,157,24.0,231.0,0
12919,2026-08-24,KUN,KKDE,157,233.0,235.0,162,26.0,228.0,0
12919,2026-08-24,KKDE,UMB,162,232.0,233.0,168,60.0,202.0,0
12919,2026-08-24,UMB,SIR,168,208.0,232.0,174,38.0,210.0,0
12919,2026-08-24,SIR,KNN,174,215.0,208.0,176,17.0,210.0,0
12919,2026-08-24,KNN,LDH,176,213.0,215.0,183,75.0,175.0,0
12919,2026-08-24,LDH,JRC,183,183.0,213.0,190,53.0,184.0,0
12919,2026-08-24,JRC,DZA,190,190.0,183.0,203,68.0,179.0,0
12919,2026-08-24,DZA,MEX,203,183.0,190.0,206,17.0,182.0,0
12919,2026-08-24,MEX,PTKC,206,190.0,183.0,213,29.0,191.0,0
12919,2026-08-24,PTKC,MSKT,213,195.0,190.0,217,41.0,183.0,0
12919,2026-08-24,MSKT,JAT,217,191.0,195.0,227,82.0,172.0,0
12919,2026-08-24,JAT,RMJK,227,183.0,191.0,231,49.0,215.0,0
12919,2026-08-24,CRWL,SVDK,233,256.0,256.0,234,32.0,251.0,0
12919,2026-08-25,INDB,DWX,7,9.0,4.0,13,46.0,1.0,1
12919,2026-08-25,DWX,UJN,13,6.0,9.0,19,54.0,-15.0,1
12919,2026-08-25,MKC,BCH,24,3.0,3.0,26,16.0,2.0,1
12919,2026-08-25,BCH,AKD,26,3.0,3.0,30,28.0,-3.0,1
12919,2026-08-25,AKD,SJP,30,1.0,3.0,32,13.0,1.0,1
12919,2026-08-25,SJP,KPP,32,4.0,1.0,34,15.0,-2.0,1
12919,2026-08-25,KPP,SEH,34,2.0,4.0,38,23.0,3.0,1
12919,2026-08-25,SEH,SHRN,38,17.0,2.0,42,43.0,16.0,1
12919,2026-08-25,SHRN,BPL,42,23.0,17.0,43,27.0,25.0,1
12919,2026-08-25,NSZ,BHS,44,49.0,49.0,50,23.0,66.0,1
12919,2026-08-25,BHS,BAQ,50,71.0,49.0,55,26.0,70.0,1
12919,2026-08-25,BAQ,BINA,55,74.0,71.0,61,59.0,57.0,1
12919,2026-08-25,LAR,BAB,68,91.0,75.0,77,40.0,94.0,1
12919,2026-08-25,BAB,VGLJ,77,98.0,91.0,80,36.0,83.0,1
12919,2026-08-25,VGLJ,DAA,80,89.0,98.0,82,29.0,89.0,1
12919,2026-08-25,DAA,DBA,82,95.0,89.0,85,23.0,92.0,1
12919,2026-08-25,DBA,GWL,85,96.0,95.0,91,32.0,93.0,1
12919,2026-08-25,GWL,MRA,91,99.0,96.0,97,31.0,92.0,1
12919,2026-08-25,MRA,DHO,97,95.0,99.0,101,43.0,75.0,1
12919,2026-08-25,DHO,AGC,101,78.0,95.0,105,32.0,84.0,1
12919,2026-08-25,AGC,MTJ,105,92.0,78.0,113,43.0,85.0,1
12919,2026-08-25,MTJ,KSV,113,90.0,92.0,118,29.0,93.0,1
12919,2026-08-25,KSV,PWL,118,100.0,90.0,123,66.0,58.0,1
12919,2026-08-25,PWL,BVH,123,62.0,100.0,125,18.0,59.0,1
12919,2026-08-25,BVH,FDB,125,61.0,62.0,127,11.0,70.0,1
12919,2026-08-25,FDB,NZM,127,74.0,61.0,131,21.0,114.0,1
12919,2026-08-25,NZM,NDLS,131,121.0,74.0,135,27.0,113.0,1
12919,2026-08-25,NDLS,SNP,135,121.0,121.0,146,55.0,149.0,1
12919,2026-08-25,SNP,PNP,146,153.0,121.0,152,30.0,195.0,1
12919,2026-08-25,PNP,KUN,152,199.0,153.0,157,24.0,201.0,1
12919,2026-08-25,KUN,KKDE,157,211.0,199.0,162,26.0,227.0,1
12919,2026-08-25,KKDE,UMB,162,233.0,211.0,168,60.0,212.0,1
12919,2026-08-25,UMB,SIR,168,216.0,233.0,174,38.0,218.0,1
12919,2026-08-25,SIR,KNN,174,222.0,216.0,176,17.0,217.0,1
12919,2026-08-25,KNN,LDH,176,218.0,222.0,183,75.0,182.0,1
12919,2026-08-25,LDH,JRC,183,187.0,218.0,190,53.0,186.0,1
12919,2026-08-25,JRC,DZA,190,192.0,187.0,203,68.0,182.0,1
12919,2026-08-25,DZA,MEX,203,186.0,192.0,206,17.0,183.0,1
12919,2026-08-25,MEX,PTKC,206,187.0,186.0,213,29.0,189.0,1
12919,2026-08-25,PTKC,MSKT,213,192.0,187.0,217,41.0,181.0,1
12919,2026-08-25,MSKT,JAT,217,185.0,192.0,227,82.0,237.0,1
12919,2026-08-25,JAT,RMJK,227,267.0,185.0,231,49.0,273.0,1
12919,2026-08-25,CRWL,SVDK,233,286.0,286.0,234,32.0,280.0,1
12919,2026-08-26,INDB,DWX,7,11.0,6.0,13,46.0,4.0,2
12919,2026-08-26,DWX,UJN,13,9.0,11.0,19,54.0,-10.0,2
12919,2026-08-26,MKC,BCH,24,9.0,9.0,26,16.0,9.0,2
12919,2026-08-26,BCH,AKD,26,9.0,9.0,30,28.0,3.0,2
12919,2026-08-26,AKD,SJP,30,7.0,9.0,32,13.0,4.0,2
12919,2026-08-26,SJP,KPP,32,8.0,7.0,34,15.0,2.0,2
12919,2026-08-26,KPP,SEH,34,8.0,8.0,38,23.0,10.0,2
12919,2026-08-26,SEH,SHRN,38,23.0,8.0,42,43.0,17.0,2
12919,2026-08-26,SHRN,BPL,42,23.0,23.0,43,27.0,37.0,2
12919,2026-08-26,NSZ,BHS,44,139.0,139.0,50,23.0,156.0,2
12919,2026-08-26,BHS,BAQ,50,160.0,139.0,55,26.0,170.0,2
12919,2026-08-26,BAQ,BINA,55,173.0,160.0,61,59.0,176.0,2
12919,2026-08-26,BINA,LAR,61,193.0,173.0,68,44.0,203.0,2
12919,2026-08-26,LAR,BAB,68,206.0,193.0,77,40.0,202.0,2
12919,2026-08-26,BAB,VGLJ,77,207.0,206.0,80,36.0,228.0,2
12919,2026-08-26,VGLJ,DAA,80,235.0,207.0,82,29.0,236.0,2
12919,2026-08-26,DAA,DBA,82,240.0,235.0,85,23.0,234.0,2
12919,2026-08-26,DBA,GWL,85,241.0,240.0,91,32.0,237.0,2
12919,2026-08-26,GWL,MRA,91,246.0,241.0,97,31.0,238.0,2
12919,2026-08-26,MRA,DHO,97,242.0,246.0,101,43.0,221.0,2
12919,2026-08-26,DHO,AGC,101,226.0,242.0,105,32.0,233.0,2
12919,2026-08-26,AGC,MTJ,105,241.0,226.0,113,43.0,235.0,2
12919,2026-08-26,MTJ,KSV,113,242.0,241.0,118,29.0,244.0,2
12919,2026-08-26,KSV,PWL,118,253.0,242.0,123,66.0,212.0,2
12919,2026-08-26,PWL,BVH,123,216.0,253.0,125,18.0,214.0,2
12919,2026-08-26,BVH,FDB,125,219.0,216.0,127,11.0,220.0,2
12919,2026-08-26,FDB,NZM,127,224.0,219.0,131,21.0,240.0,2
12919,2026-08-26,NZM,NDLS,131,246.0,224.0,135,27.0,247.0,2
12919,2026-08-26,NDLS,SNP,135,250.0,246.0,146,55.0,259.0,2
12919,2026-08-26,SNP,PNP,146,262.0,250.0,152,30.0,272.0,2
12919,2026-08-26,PNP,KUN,152,276.0,262.0,157,24.0,277.0,2
12919,2026-08-26,KUN,KKDE,157,280.0,276.0,162,26.0,274.0,2
12919,2026-08-26,KKDE,UMB,162,278.0,280.0,168,60.0,250.0,2
12919,2026-08-26,SIR,KNN,174,266.0,266.0,176,17.0,263.0,2
12919,2026-08-26,KNN,LDH,176,264.0,266.0,183,75.0,223.0,2
12919,2026-08-26,LDH,JRC,183,229.0,264.0,190,53.0,228.0,2
12919,2026-08-26,JRC,DZA,190,235.0,229.0,203,68.0,209.0,2
12919,2026-08-26,DZA,MEX,203,213.0,235.0,206,17.0,210.0,2
12919,2026-08-26,MEX,PTKC,206,214.0,213.0,213,29.0,220.0,2
12919,2026-08-26,PTKC,MSKT,213,222.0,214.0,217,41.0,211.0,2
12919,2026-08-26,MSKT,JAT,217,218.0,222.0,227,82.0,287.0,2
12919,2026-08-26,JAT,RMJK,227,288.0,218.0,231,49.0,302.0,2
12919,2026-08-26,CRWL,SVDK,233,319.0,319.0,234,32.0,306.0,2
12919,2026-08-27,INDB,DWX,7,12.0,5.0,13,46.0,6.0,3
12919,2026-08-27,DWX,UJN,13,10.0,12.0,19,54.0,7.0,3
12919,2026-08-27,MKC,BCH,24,11.0,11.0,26,16.0,8.0,3
12919,2026-08-27,BCH,AKD,26,11.0,11.0,30,28.0,5.0,3
12919,2026-08-27,AKD,SJP,30,8.0,11.0,32,13.0,8.0,3
12919,2026-08-27,SJP,KPP,32,13.0,8.0,34,15.0,8.0,3
12919,2026-08-27,KPP,SEH,34,14.0,13.0,38,23.0,11.0,3
12919,2026-08-27,SEH,SHRN,38,19.0,14.0,42,43.0,0.0,3
12919,2026-08-27,SHRN,BPL,42,14.0,19.0,43,27.0,81.0,3
12919,2026-08-27,NSZ,BHS,44,163.0,163.0,50,23.0,199.0,3
12919,2026-08-27,BHS,BAQ,50,204.0,163.0,55,26.0,209.0,3
12919,2026-08-27,BAQ,BINA,55,214.0,204.0,61,59.0,196.0,3
12919,2026-08-27,BINA,LAR,61,201.0,214.0,68,44.0,211.0,3
12919,2026-08-27,LAR,BAB,68,217.0,201.0,77,40.0,217.0,3
12919,2026-08-27,BAB,VGLJ,77,219.0,217.0,80,36.0,207.0,3
12919,2026-08-27,VGLJ,DAA,80,213.0,219.0,82,29.0,213.0,3
12919,2026-08-27,DAA,DBA,82,221.0,213.0,85,23.0,218.0,3
12919,2026-08-27,DBA,GWL,85,223.0,221.0,91,32.0,221.0,3
12919,2026-08-27,GWL,MRA,91,225.0,223.0,97,31.0,218.0,3
12919,2026-08-27,MRA,DHO,97,222.0,225.0,101,43.0,201.0,3
12919,2026-08-27,DHO,AGC,101,205.0,222.0,105,32.0,230.0,3
12919,2026-08-27,AGC,MTJ,105,239.0,205.0,113,43.0,235.0,3
12919,2026-08-27,MTJ,KSV,113,238.0,239.0,118,29.0,239.0,3
12919,2026-08-27,KSV,PWL,118,246.0,238.0,123,66.0,204.0,3
12919,2026-08-27,PWL,BVH,123,211.0,246.0,125,18.0,209.0,3
12919,2026-08-27,FDB,NZM,127,226.0,226.0,131,21.0,227.0,3
12919,2026-08-27,NZM,NDLS,131,231.0,226.0,135,27.0,225.0,3
12919,2026-08-27,NDLS,SNP,135,240.0,231.0,146,55.0,258.0,3
12919,2026-08-27,SNP,PNP,146,260.0,240.0,152,30.0,291.0,3
12919,2026-08-27,PNP,KUN,152,290.0,260.0,157,24.0,287.0,3
12919,2026-08-27,KUN,KKDE,157,290.0,290.0,162,26.0,283.0,3
12919,2026-08-27,KKDE,UMB,162,288.0,290.0,168,60.0,269.0,3
12919,2026-08-27,UMB,SIR,168,286.0,288.0,174,38.0,302.0,3
12919,2026-08-27,SIR,KNN,174,306.0,286.0,176,17.0,311.0,3
12919,2026-08-27,KNN,LDH,176,315.0,306.0,183,75.0,277.0,3
12919,2026-08-27,LDH,JRC,183,281.0,315.0,190,53.0,280.0,3
12919,2026-08-27,JRC,DZA,190,285.0,281.0,203,68.0,264.0,3
12919,2026-08-27,DZA,MEX,203,267.0,285.0,206,17.0,266.0,3
12919,2026-08-27,MEX,PTKC,206,269.0,267.0,213,29.0,271.0,3
12919,2026-08-27,PTKC,MSKT,213,274.0,269.0,217,41.0,264.0,3
12919,2026-08-27,MSKT,JAT,217,270.0,274.0,227,82.0,277.0,3
12919,2026-08-27,JAT,RMJK,227,280.0,270.0,231,49.0,281.0,3
12919,2026-08-27,CRWL,SVDK,233,287.0,287.0,234,32.0,275.0,3
12919,2026-08-28,INDB,DWX,7,15.0,4.0,13,46.0,10.0,4
12919,2026-08-28,DWX,UJN,13,14.0,15.0,19,54.0,-7.0,4
12919,2026-08-28,MKC,BCH,24,14.0,14.0,26,16.0,14.0,4
12919,2026-08-28,BCH,AKD,26,15.0,14.0,30,28.0,9.0,4
12919,2026-08-28,AKD,SJP,30,12.0,15.0,32,13.0,10.0,4
12919,2026-08-28,SJP,KPP,32,15.0,12.0,34,15.0,9.0,4
12919,2026-08-28,KPP,SEH,34,13.0,15.0,38,23.0,10.0,4
12919,2026-08-28,SEH,SHRN,38,17.0,13.0,42,43.0,-3.0,4
12919,2026-08-28,SHRN,BPL,42,4.0,17.0,43,27.0,10.0,4
12919,2026-08-28,NSZ,BHS,44,49.0,49.0,50,23.0,64.0,4
12919,2026-08-28,BHS,BAQ,50,70.0,49.0,55,26.0,76.0,4
12919,2026-08-28,BAQ,BINA,55,79.0,70.0,61,59.0,60.0,4
12919,2026-08-28,BINA,LAR,61,66.0,79.0,68,44.0,68.0,4
12919,2026-08-28,LAR,BAB,68,73.0,66.0,77,40.0,68.0,4
12919,2026-08-28,BAB,VGLJ,77,72.0,73.0,80,36.0,62.0,4
12919,2026-08-28,VGLJ,DAA,80,67.0,72.0,82,29.0,67.0,4
12919,2026-08-28,DAA,DBA,82,71.0,67.0,85,23.0,67.0,4
12919,2026-08-28,DBA,GWL,85,71.0,71.0,91,32.0,69.0,4
12919,2026-08-28,GWL,MRA,91,73.0,71.0,97,31.0,66.0,4
12919,2026-08-28,MRA,DHO,97,69.0,73.0,101,43.0,48.0,4
12919,2026-08-28,DHO,AGC,101,52.0,69.0,105,32.0,55.0,4
12919,2026-08-28,AGC,MTJ,105,62.0,52.0,113,43.0,65.0,4
12919,2026-08-28,MTJ,KSV,113,71.0,62.0,118,29.0,70.0,4
12919,2026-08-28,KSV,PWL,118,76.0,71.0,123,66.0,34.0,4
12919,2026-08-28,PWL,BVH,123,38.0,76.0,125,18.0,38.0,4
12919,2026-08-28,BVH,FDB,125,45.0,38.0,127,11.0,50.0,4
12919,2026-08-28,FDB,NZM,127,53.0,45.0,131,21.0,68.0,4
12919,2026-08-28,NZM,NDLS,131,74.0,53.0,135,27.0,64.0,4
12919,2026-08-28,NDLS,SNP,135,71.0,74.0,146,55.0,111.0,4
12919,2026-08-28,SNP,PNP,146,115.0,71.0,152,30.0,159.0,4
12919,2026-08-28,PNP,KUN,152,162.0,115.0,157,24.0,176.0,4
12919,2026-08-28,KUN,KKDE,157,179.0,162.0,162,26.0,196.0,4
12919,2026-08-28,KKDE,UMB,162,202.0,179.0,168,60.0,195.0,4
12919,2026-08-28,UMB,SIR,168,205.0,202.0,174,38.0,220.0,4
12919,2026-08-28,SIR,KNN,174,223.0,205.0,176,17.0,219.0,4
12919,2026-08-28,KNN,LDH,176,222.0,223.0,183,75.0,177.0,4
12919,2026-08-28,LDH,JRC,183,187.0,222.0,190,53.0,182.0,4
12919,2026-08-28,JRC,DZA,190,187.0,187.0,203,68.0,162.0,4
12919,2026-08-28,DZA,MEX,203,166.0,187.0,206,17.0,164.0,4
12919,2026-08-28,MEX,PTKC,206,169.0,166.0,213,29.0,172.0,4
12919,2026-08-28,PTKC,MSKT,213,178.0,169.0,217,41.0,169.0,4
12919,2026-08-28,MSKT,JAT,217,176.0,178.0,227,82.0,243.0,4
12919,2026-08-28,JAT,RMJK,227,265.0,176.0,231,49.0,283.0,4
12919,2026-08-28,CRWL,SVDK,233,293.0,293.0,234,32.0,281.0,4
12919,2026-08-29,INDB,DWX,7,6.0,4.0,13,46.0,0.0,5
12919,2026-08-29,DWX,UJN,13,4.0,6.0,19,54.0,13.0,5
12919,2026-08-29,MKC,BCH,24,4.0,4.0,26,16.0,1.0,5
12919,2026-08-29,BCH,AKD,26,4.0,4.0,30,28.0,0.0,5
12919,2026-08-29,AKD,SJP,30,3.0,4.0,32,13.0,-1.0,5
12919,2026-08-29,SJP,KPP,32,3.0,3.0,34,15.0,-2.0,5
12919,2026-08-29,KPP,SEH,34,3.0,3.0,38,23.0,-1.0,5
12919,2026-08-29,SEH,SHRN,38,8.0,3.0,42,43.0,-10.0,5
12919,2026-08-29,SHRN,BPL,42,5.0,8.0,43,27.0,-1.0,5
12919,2026-08-29,NSZ,BHS,44,86.0,86.0,50,23.0,105.0,5
12919,2026-08-29,BHS,BAQ,50,117.0,86.0,55,26.0,115.0,5
12919,2026-08-29,BAQ,BINA,55,119.0,117.0,61,59.0,104.0,5
12919,2026-08-29,BINA,LAR,61,112.0,119.0,68,44.0,127.0,5
12919,2026-08-29,LAR,BAB,68,131.0,112.0,77,40.0,127.0,5
12919,2026-08-29,BAB,VGLJ,77,131.0,131.0,80,36.0,114.0,5
12919,2026-08-29,VGLJ,DAA,80,121.0,131.0,82,29.0,121.0,5
12919,2026-08-29,DAA,DBA,82,133.0,121.0,85,23.0,129.0,5
12919,2026-08-29,DBA,GWL,85,133.0,133.0,91,32.0,130.0,5
12919,2026-08-29,GWL,MRA,91,134.0,133.0,97,31.0,128.0,5
12919,2026-08-29,MRA,DHO,97,131.0,134.0,101,43.0,109.0,5
12919,2026-08-29,DHO,AGC,101,113.0,131.0,105,32.0,119.0,5
12919,2026-08-29,AGC,MTJ,105,127.0,113.0,113,43.0,122.0,5
12919,2026-08-29,MTJ,KSV,113,126.0,127.0,118,29.0,122.0,5
12919,2026-08-29,KSV,PWL,118,129.0,126.0,123,66.0,88.0,5
12919,2026-08-29,PWL,BVH,123,92.0,129.0,125,18.0,89.0,5
12919,2026-08-29,BVH,FDB,125,96.0,92.0,127,11.0,99.0,5
12919,2026-08-29,FDB,NZM,127,103.0,96.0,131,21.0,111.0,5
12919,2026-08-29,NZM,NDLS,131,117.0,103.0,135,27.0,113.0,5
12919,2026-08-29,NDLS,SNP,135,123.0,117.0,146,55.0,126.0,5
12919,2026-08-29,SNP,PNP,146,144.0,123.0,152,30.0,232.0,5
12919,2026-08-29,PNP,KUN,152,236.0,144.0,157,24.0,232.0,5
12919,2026-08-29,KUN,KKDE,157,235.0,236.0,162,26.0,229.0,5
12919,2026-08-29,KKDE,UMB,162,234.0,235.0,168,60.0,209.0,5
12919,2026-08-29,UMB,SIR,168,218.0,234.0,174,38.0,226.0,5
12919,2026-08-29,SIR,KNN,174,230.0,218.0,176,17.0,225.0,5
12919,2026-08-29,KNN,LDH,176,227.0,230.0,183,75.0,185.0,5
12919,2026-08-29,LDH,JRC,183,192.0,227.0,190,53.0,191.0,5
12919,2026-08-29,JRC,DZA,190,198.0,192.0,203,68.0,171.0,5
12919,2026-08-29,DZA,MEX,203,176.0,198.0,206,17.0,174.0,5
12919,2026-08-29,MEX,PTKC,206,178.0,176.0,213,29.0,180.0,5
12919,2026-08-29,PTKC,MSKT,213,184.0,178.0,217,41.0,174.0,5
12919,2026-08-29,MSKT,JAT,217,179.0,184.0,227,82.0,216.0,5
12919,2026-08-29,JAT,RMJK,227,221.0,179.0,231,49.0,242.0,5
12919,2026-08-29,CRWL,SVDK,233,284.0,284.0,234,32.0,299.0,5
12919,2026-09-06,INDB,DWX,7,5.0,0.0,13,46.0,1.0,6
12919,2026-09-06,DWX,UJN,13,2.0,5.0,19,54.0,-11.0,6
12919,2026-09-06,UJN,MKC,19,5.0,2.0,24,50.0,1.0,6
12919,2026-09-06,MKC,BCH,24,1.0,5.0,26,16.0,2.0,6
12919,2026-09-06,BCH,AKD,26,2.0,1.0,30,28.0,-2.0,6
12919,2026-09-06,AKD,SJP,30,0.0,2.0,32,13.0,1.0,6
12919,2026-09-06,SJP,KPP,32,1.0,0.0,34,15.0,0.0,6
12919,2026-09-06,KPP,SEH,34,1.0,1.0,38,23.0,2.0,6
12919,2026-09-06,SEH,SHRN,38,4.0,1.0,42,43.0,-9.0,6
12919,2026-09-06,SHRN,BPL,42,1.0,4.0,43,27.0,16.0,6
12919,2026-09-06,BPL,NSZ,43,28.0,1.0,44,22.0,26.0,6
12919,2026-09-06,NSZ,BHS,44,27.0,28.0,50,23.0,43.0,6
12919,2026-09-06,BHS,BAQ,50,43.0,27.0,55,26.0,49.0,6
12919,2026-09-06,BAQ,BINA,55,49.0,43.0,61,59.0,43.0,6
12919,2026-09-06,BINA,LAR,61,63.0,49.0,68,44.0,79.0,6
12919,2026-09-06,LAR,BAB,68,82.0,63.0,77,40.0,86.0,6
12919,2026-09-06,BAB,VGLJ,77,86.0,82.0,80,36.0,75.0,6
12919,2026-09-06,VGLJ,DAA,80,76.0,86.0,82,29.0,80.0,6
12919,2026-09-06,DAA,DBA,82,95.0,76.0,85,23.0,96.0,6
12919,2026-09-06,DBA,GWL,85,97.0,95.0,91,32.0,99.0,6
12919,2026-09-06,GWL,MRA,91,100.0,97.0,97,31.0,96.0,6
12919,2026-09-06,MRA,DHO,97,96.0,100.0,101,43.0,78.0,6
12919,2026-09-06,DHO,AGC,101,79.0,96.0,105,32.0,94.0,6
12919,2026-09-06,AGC,MTJ,105,95.0,79.0,113,43.0,107.0,6
12919,2026-09-06,MTJ,KSV,113,108.0,95.0,118,29.0,110.0,6
12919,2026-09-06,KSV,PWL,118,120.0,108.0,123,66.0,122.0,6
12919,2026-09-06,PWL,BVH,123,131.0,120.0,125,18.0,134.0,6
12919,2026-09-06,NZM,NDLS,131,164.0,164.0,135,27.0,169.0,6
12919,2026-09-06,NDLS,SNP,135,173.0,164.0,146,55.0,186.0,6
12919,2026-09-06,SNP,PNP,146,185.0,173.0,153,30.0,218.0,6
12919,2026-09-06,PNP,KUN,153,219.0,185.0,158,24.0,217.0,6
12919,2026-09-06,KUN,KKDE,158,217.0,219.0,163,26.0,229.0,6
12919,2026-09-06,KKDE,UMB,163,259.0,217.0,169,60.0,241.0,6
12919,2026-09-06,UMB,SIR,169,244.0,259.0,175,38.0,252.0,6
12919,2026-09-06,SIR,KNN,175,252.0,244.0,177,17.0,260.0,6
12919,2026-09-06,KNN,LDH,177,259.0,252.0,184,75.0,228.0,6
12919,2026-09-06,LDH,JRC,184,227.0,259.0,191,53.0,233.0,6
12919,2026-09-06,JRC,DZA,191,233.0,227.0,204,68.0,214.0,6
12919,2026-09-06,DZA,MEX,204,214.0,233.0,207,17.0,216.0,6
12919,2026-09-06,MEX,PTKC,207,216.0,214.0,214,29.0,223.0,6
12919,2026-09-06,PTKC,MSKT,214,223.0,216.0,218,41.0,217.0,6
12919,2026-09-06,MSKT,JAT,218,217.0,223.0,228,82.0,243.0,6
12919,2026-09-06,JAT,RMJK,228,272.0,217.0,232,49.0,289.0,6
12919,2026-09-06,RMJK,MCTM,232,289.0,272.0,233,24.0,284.0,6
12919,2026-09-06,MCTM,CRWL,233,284.0,289.0,234,15.0,288.0,6
12919,2026-09-06,CRWL,SVDK,234,288.0,284.0,235,32.0,280.0,6
12919,2026-09-07,INDB,DWX,7,2.0,1.0,13,46.0,8.0,0
12919,2026-09-07,DWX,UJN,13,7.0,2.0,19,54.0,-8.0,0
12919,2026-09-07,MKC,BCH,24,7.0,7.0,26,16.0,7.0,0
12919,2026-09-07,BCH,AKD,26,7.0,7.0,30,28.0,2.0,0
12919,2026-09-07,AKD,SJP,30,2.0,7.0,32,13.0,3.0,0
12919,2026-09-07,SJP,KPP,32,3.0,2.0,34,15.0,2.0,0
12919,2026-09-07,KPP,SEH,34,2.0,3.0,38,23.0,6.0,0
12919,2026-09-07,SEH,SHRN,38,7.0,2.0,42,43.0,-11.0,0
12919,2026-09-07,SHRN,BPL,42,1.0,7.0,43,27.0,10.0,0
12919,2026-09-07,BPL,NSZ,43,29.0,1.0,44,22.0,27.0,0
12919,2026-09-07,NSZ,BHS,44,27.0,29.0,50,23.0,43.0,0
12919,2026-09-07,BHS,BAQ,50,46.0,27.0,55,26.0,54.0,0
12919,2026-09-07,BAQ,BINA,55,54.0,46.0,61,59.0,47.0,0
12919,2026-09-07,BINA,LAR,61,47.0,54.0,68,44.0,56.0,0
12919,2026-09-07,LAR,BAB,68,58.0,47.0,77,40.0,61.0,0
12919,2026-09-07,BAB,VGLJ,77,61.0,58.0,80,36.0,49.0,0
12919,2026-09-07,VGLJ,DAA,80,50.0,61.0,82,29.0,56.0,0
12919,2026-09-07,DAA,DBA,82,57.0,50.0,85,23.0,57.0,0
12919,2026-09-07,DBA,GWL,85,59.0,57.0,91,32.0,63.0,0
12919,2026-09-07,GWL,MRA,91,61.0,59.0,97,31.0,66.0,0
12919,2026-09-07,MRA,DHO,97,66.0,61.0,101,43.0,49.0,0
12919,2026-09-07,DHO,AGC,101,49.0,66.0,105,32.0,63.0,0
12919,2026-09-07,AGC,MTJ,105,63.0,49.0,113,43.0,64.0,0
12919,2026-09-07,MTJ,KSV,113,66.0,63.0,118,29.0,67.0,0
12919,2026-09-07,KSV,PWL,118,71.0,66.0,123,66.0,45.0,0
12919,2026-09-07,PWL,BVH,123,46.0,71.0,125,18.0,54.0,0
12919,2026-09-07,NZM,NDLS,131,79.0,79.0,135,27.0,71.0,0
12919,2026-09-07,NDLS,SNP,135,73.0,79.0,146,55.0,100.0,0
12919,2026-09-07,SNP,PNP,146,100.0,73.0,153,30.0,115.0,0
12919,2026-09-07,PNP,KUN,153,116.0,100.0,158,24.0,116.0,0
12919,2026-09-07,KUN,KKDE,158,117.0,116.0,163,26.0,118.0,0
12919,2026-09-07,KKDE,UMB,163,118.0,117.0,169,60.0,94.0,0
12919,2026-09-07,UMB,SIR,169,97.0,118.0,175,38.0,109.0,0
12919,2026-09-07,LDH,JRC,184,73.0,73.0,191,53.0,79.0,0
12919,2026-09-07,JRC,DZA,191,80.0,73.0,204,68.0,61.0,0
12919,2026-09-07,DZA,MEX,204,61.0,80.0,207,17.0,62.0,0
12919,2026-09-07,MEX,PTKC,207,62.0,61.0,214,29.0,68.0,0
12919,2026-09-07,JAT,RMJK,228,55.0,55.0,232,49.0,71.0,0
12919,2026-09-07,RMJK,MCTM,232,71.0,55.0,233,24.0,63.0,0
12919,2026-09-07,MCTM,CRWL,233,64.0,71.0,234,15.0,67.0,0
12919,2026-09-07,CRWL,SVDK,234,72.0,64.0,235,32.0,62.0,0
12919,2026-09-08,INDB,DWX,7,3.0,0.0,13,46.0,12.0,1
12919,2026-09-08,DWX,UJN,13,12.0,3.0,19,54.0,0.0,1
12919,2026-09-08,UJN,MKC,19,14.0,12.0,24,50.0,12.0,1
12919,2026-09-08,MKC,BCH,24,12.0,14.0,26,16.0,14.0,1
12919,2026-09-08,BCH,AKD,26,14.0,12.0,30,28.0,9.0,1
12919,2026-09-08,AKD,SJP,30,10.0,14.0,32,13.0,11.0,1
12919,2026-09-08,SJP,KPP,32,11.0,10.0,34,15.0,9.0,1
12919,2026-09-08,KPP,SEH,34,10.0,11.0,38,23.0,12.0,1
12919,2026-09-08,SEH,SHRN,38,14.0,10.0,42,43.0,-1.0,1
12919,2026-09-08,SHRN,BPL,42,0.0,14.0,43,27.0,16.0,1
12919,2026-09-08,LAR,BAB,68,63.0,63.0,77,40.0,66.0,1
12919,2026-09-08,BAB,VGLJ,77,67.0,63.0,80,36.0,55.0,1
12919,2026-09-08,VGLJ,DAA,80,55.0,67.0,82,29.0,60.0,1
12919,2026-09-08,DAA,DBA,82,60.0,55.0,85,23.0,60.0,1
12919,2026-09-08,DBA,GWL,85,60.0,60.0,91,32.0,63.0,1
12919,2026-09-08,GWL,MRA,91,61.0,60.0,97,31.0,66.0,1
12919,2026-09-08,MRA,DHO,97,69.0,61.0,101,43.0,56.0,1
12919,2026-09-08,DHO,AGC,101,56.0,69.0,105,32.0,68.0,1
12919,2026-09-08,AGC,MTJ,105,68.0,56.0,113,43.0,69.0,1
12919,2026-09-08,MTJ,KSV,113,71.0,68.0,118,29.0,75.0,1
12919,2026-09-08,KSV,PWL,118,75.0,71.0,123,66.0,52.0,1
12919,2026-09-08,PWL,BVH,123,52.0,75.0,125,18.0,56.0,1
12919,2026-09-08,NZM,NDLS,131,68.0,68.0,135,27.0,66.0,1
12919,2026-09-08,NDLS,SNP,135,69.0,68.0,146,55.0,102.0,1
12919,2026-09-08,SNP,PNP,146,102.0,69.0,153,30.0,118.0,1
12919,2026-09-08,PNP,KUN,153,119.0,102.0,158,24.0,120.0,1
12919,2026-09-08,KUN,KKDE,158,119.0,119.0,163,26.0,201.0,1
12919,2026-09-08,KKDE,UMB,163,200.0,119.0,169,60.0,203.0,1
12919,2026-09-08,UMB,SIR,169,217.0,200.0,175,38.0,228.0,1
12919,2026-09-08,SIR,KNN,175,228.0,217.0,177,17.0,229.0,1
12919,2026-09-08,KNN,LDH,177,241.0,228.0,184,75.0,205.0,1
12919,2026-09-08,LDH,JRC,184,223.0,241.0,191,53.0,236.0,1
12919,2026-09-08,JRC,DZA,191,236.0,223.0,204,68.0,216.0,1
12919,2026-09-08,DZA,MEX,204,216.0,236.0,207,17.0,217.0,1
12919,2026-09-08,MEX,PTKC,207,218.0,216.0,214,29.0,223.0,1
12919,2026-09-08,PTKC,MSKT,214,222.0,218.0,218,41.0,215.0,1
12919,2026-09-08,MSKT,JAT,218,224.0,222.0,228,82.0,279.0,1
12919,2026-09-08,JAT,RMJK,228,294.0,224.0,232,49.0,309.0,1
12919,2026-09-08,RMJK,MCTM,232,319.0,294.0,233,24.0,311.0,1
12919,2026-09-08,MCTM,CRWL,233,312.0,319.0,234,15.0,315.0,1
12919,2026-09-08,CRWL,SVDK,234,314.0,312.0,235,32.0,304.0,1
12919,2026-09-09,INDB,DWX,7,5.0,1.0,13,46.0,2.0,2
12919,2026-09-09,DWX,UJN,13,2.0,5.0,19,54.0,-7.0,2
12919,2026-09-09,UJN,MKC,19,11.0,2.0,24,50.0,8.0,2
12919,2026-09-09,MKC,BCH,24,9.0,11.0,26,16.0,10.0,2
12919,2026-09-09,BCH,AKD,26,11.0,9.0,30,28.0,9.0,2
12919,2026-09-09,AKD,SJP,30,10.0,11.0,32,13.0,11.0,2
12919,2026-09-09,SJP,KPP,32,11.0,10.0,34,15.0,9.0,2
12919,2026-09-09,KPP,SEH,34,10.0,11.0,38,23.0,10.0,2
12919,2026-09-09,SEH,SHRN,38,12.0,10.0,42,43.0,-4.0,2
12919,2026-09-09,SHRN,BPL,42,0.0,12.0,43,27.0,12.0,2
12919,2026-09-09,BPL,NSZ,43,30.0,0.0,44,22.0,28.0,2
12919,2026-09-09,NSZ,BHS,44,28.0,30.0,50,23.0,52.0,2
12919,2026-09-09,BHS,BAQ,50,65.0,28.0,55,26.0,69.0,2
12919,2026-09-09,BAQ,BINA,55,69.0,65.0,61,59.0,87.0,2
12919,2026-09-09,BINA,LAR,61,93.0,69.0,68,44.0,111.0,2
12919,2026-09-09,LAR,BAB,68,117.0,93.0,77,40.0,116.0,2
12919,2026-09-09,BAB,VGLJ,77,116.0,117.0,80,36.0,123.0,2
12919,2026-09-09,VGLJ,DAA,80,127.0,116.0,82,29.0,132.0,2
12919,2026-09-09,DAA,DBA,82,133.0,127.0,85,23.0,143.0,2
12919,2026-09-09,DBA,GWL,85,143.0,133.0,91,32.0,151.0,2
12919,2026-09-09,GWL,MRA,91,153.0,143.0,97,31.0,169.0,2
12919,2026-09-09,MRA,DHO,97,170.0,153.0,101,43.0,179.0,2
12919,2026-09-09,DHO,AGC,101,180.0,170.0,105,32.0,197.0,2
12919,2026-09-09,AGC,MTJ,105,196.0,180.0,113,43.0,196.0,2
12919,2026-09-09,MTJ,KSV,113,200.0,196.0,118,29.0,203.0,2
12919,2026-09-09,KSV,PWL,118,203.0,200.0,123,66.0,174.0,2
12919,2026-09-09,PWL,BVH,123,174.0,203.0,125,18.0,177.0,2
12919,2026-09-09,NZM,NDLS,131,186.0,186.0,135,27.0,191.0,2
12919,2026-09-09,NDLS,SNP,135,187.0,186.0,146,55.0,202.0,2
12919,2026-09-09,SNP,PNP,146,202.0,187.0,153,30.0,245.0,2
12919,2026-09-09,PNP,KUN,153,245.0,202.0,158,24.0,252.0,2
12919,2026-09-09,KUN,KKDE,158,251.0,245.0,163,26.0,250.0,2
12919,2026-09-09,KKDE,UMB,163,250.0,251.0,169,60.0,232.0,2
12919,2026-09-09,UMB,SIR,169,232.0,250.0,175,38.0,240.0,2
12919,2026-09-09,SIR,KNN,175,239.0,232.0,177,17.0,239.0,2
12919,2026-09-09,KNN,LDH,177,239.0,239.0,184,75.0,199.0,2
12919,2026-09-09,LDH,JRC,184,200.0,239.0,191,53.0,211.0,2
12919,2026-09-09,JRC,DZA,191,212.0,200.0,204,68.0,193.0,2
12919,2026-09-09,DZA,MEX,204,193.0,212.0,207,17.0,194.0,2
12919,2026-09-09,MEX,PTKC,207,195.0,193.0,214,29.0,203.0,2
12919,2026-09-09,PTKC,MSKT,214,203.0,195.0,218,41.0,195.0,2
12919,2026-09-09,MSKT,JAT,218,200.0,203.0,228,82.0,201.0,2
12919,2026-09-09,JAT,RMJK,228,209.0,200.0,232,49.0,257.0,2
12919,2026-09-09,RMJK,MCTM,232,257.0,209.0,233,24.0,249.0,2
12919,2026-09-09,MCTM,CRWL,233,250.0,257.0,234,15.0,255.0,2
12919,2026-09-09,CRWL,SVDK,234,255.0,250.0,235,32.0,245.0,2
12919,2026-09-10,INDB,DWX,7,6.0,0.0,13,46.0,14.0,3
12919,2026-09-10,DWX,UJN,13,14.0,6.0,19,54.0,0.0,3
12919,2026-09-10,UJN,MKC,19,14.0,14.0,24,50.0,14.0,3
12919,2026-09-10,MKC,BCH,24,15.0,14.0,26,16.0,16.0,3
12919,2026-09-10,BCH,AKD,26,16.0,15.0,30,28.0,11.0,3
12919,2026-09-10,AKD,SJP,30,12.0,16.0,32,13.0,13.0,3
12919,2026-09-10,SJP,KPP,32,12.0,12.0,34,15.0,11.0,3
12919,2026-09-10,KPP,SEH,34,11.0,12.0,38,23.0,12.0,3
12919,2026-09-10,SEH,SHRN,38,14.0,11.0,42,43.0,0.0,3
12919,2026-09-10,SHRN,BPL,42,8.0,14.0,43,27.0,20.0,3
12919,2026-09-10,BPL,NSZ,43,45.0,8.0,44,22.0,43.0,3
12919,2026-09-10,NSZ,BHS,44,56.0,45.0,50,23.0,76.0,3
12919,2026-09-10,BHS,BAQ,50,76.0,56.0,55,26.0,83.0,3
12919,2026-09-10,BAQ,BINA,55,83.0,76.0,61,59.0,67.0,3
12919,2026-09-10,BINA,LAR,61,65.0,83.0,68,44.0,73.0,3
12919,2026-09-10,LAR,BAB,68,73.0,65.0,77,40.0,77.0,3
12919,2026-09-10,BAB,VGLJ,77,76.0,73.0,80,36.0,65.0,3
12919,2026-09-10,VGLJ,DAA,80,57.0,76.0,82,29.0,73.0,3
12919,2026-09-10,DAA,DBA,82,73.0,57.0,85,23.0,75.0,3
12919,2026-09-10,DBA,GWL,85,77.0,73.0,91,32.0,84.0,3
12919,2026-09-10,GWL,MRA,91,82.0,77.0,97,31.0,83.0,3
12919,2026-09-10,MRA,DHO,97,83.0,82.0,101,43.0,69.0,3
12919,2026-09-10,DHO,AGC,101,69.0,83.0,105,32.0,83.0,3
12919,2026-09-10,AGC,MTJ,105,83.0,69.0,113,43.0,84.0,3
12919,2026-09-10,MTJ,KSV,113,84.0,83.0,118,29.0,85.0,3
12919,2026-09-10,KSV,PWL,118,86.0,84.0,123,66.0,60.0,3
12919,2026-09-10,PWL,BVH,123,61.0,86.0,125,18.0,68.0,3
12919,2026-09-10,NZM,NDLS,131,83.0,83.0,135,27.0,77.0,3
12919,2026-09-10,NDLS,SNP,135,85.0,83.0,146,55.0,105.0,3
12919,2026-09-10,SNP,PNP,146,106.0,85.0,153,30.0,165.0,3
12919,2026-09-10,PNP,KUN,153,177.0,106.0,158,24.0,181.0,3
12919,2026-09-10,KUN,KKDE,158,201.0,177.0,163,26.0,201.0,3
12919,2026-09-10,KKDE,UMB,163,209.0,201.0,169,60.0,271.0,3
12919,2026-09-10,UMB,SIR,169,279.0,209.0,175,38.0,287.0,3
12919,2026-09-10,SIR,KNN,175,336.0,279.0,177,17.0,336.0,3
12919,2026-09-10,KNN,LDH,177,375.0,336.0,184,75.0,360.0,3
12919,2026-09-10,LDH,JRC,184,364.0,375.0,191,53.0,371.0,3
12919,2026-09-10,JRC,DZA,191,371.0,364.0,204,68.0,370.0,3
12919,2026-09-10,DZA,MEX,204,370.0,371.0,207,17.0,372.0,3
12919,2026-09-10,MEX,PTKC,207,372.0,370.0,214,29.0,381.0,3
12919,2026-09-10,JAT,RMJK,228,361.0,361.0,232,49.0,378.0,3
12919,2026-09-10,RMJK,MCTM,232,378.0,361.0,233,24.0,371.0,3
12919,2026-09-10,MCTM,CRWL,233,371.0,378.0,234,15.0,373.0,3
12919,2026-09-10,CRWL,SVDK,234,372.0,371.0,235,32.0,369.0,3
12919,2026-09-11,INDB,DWX,7,4.0,1.0,13,46.0,1.0,4
12919,2026-09-11,DWX,UJN,13,1.0,4.0,19,54.0,-9.0,4
12919,2026-09-11,UJN,MKC,19,14.0,1.0,24,50.0,14.0,4
12919,2026-09-11,MKC,BCH,24,16.0,14.0,26,16.0,17.0,4
12919,2026-09-11,BCH,AKD,26,17.0,16.0,30,28.0,12.0,4
12919,2026-09-11,AKD,SJP,30,13.0,17.0,32,13.0,13.0,4
12919,2026-09-11,SJP,KPP,32,13.0,13.0,34,15.0,11.0,4
12919,2026-09-11,KPP,SEH,34,12.0,13.0,38,23.0,12.0,4
12919,2026-09-11,SEH,SHRN,38,14.0,12.0,42,43.0,-3.0,4
12919,2026-09-11,SHRN,BPL,42,26.0,14.0,43,27.0,31.0,4
12919,2026-09-11,BPL,NSZ,43,74.0,26.0,44,22.0,75.0,4
12919,2026-09-11,NSZ,BHS,44,74.0,74.0,50,23.0,91.0,4
12919,2026-09-11,BHS,BAQ,50,91.0,74.0,55,26.0,97.0,4
12919,2026-09-11,BAQ,BINA,55,98.0,91.0,61,59.0,78.0,4
12919,2026-09-11,BINA,LAR,61,79.0,98.0,68,44.0,102.0,4
12919,2026-09-11,LAR,BAB,68,103.0,79.0,77,40.0,105.0,4
12919,2026-09-11,BAB,VGLJ,77,106.0,103.0,80,36.0,94.0,4
12919,2026-09-11,VGLJ,DAA,80,95.0,106.0,82,29.0,103.0,4
12919,2026-09-11,DAA,DBA,82,103.0,95.0,85,23.0,103.0,4
12919,2026-09-11,DBA,GWL,85,103.0,103.0,91,32.0,109.0,4
12919,2026-09-11,GWL,MRA,91,110.0,103.0,97,31.0,107.0,4
12919,2026-09-11,MRA,DHO,97,107.0,110.0,101,43.0,88.0,4
12919,2026-09-11,DHO,AGC,101,88.0,107.0,105,32.0,103.0,4
12919,2026-09-11,AGC,MTJ,105,103.0,88.0,113,43.0,104.0,4
12919,2026-09-11,MTJ,KSV,113,105.0,103.0,118,29.0,106.0,4
12919,2026-09-11,KSV,PWL,118,110.0,105.0,123,66.0,80.0,4
12919,2026-09-11,NZM,NDLS,131,128.0,128.0,135,27.0,146.0,4
12919,2026-09-11,NDLS,SNP,135,142.0,128.0,146,55.0,184.0,4
12919,2026-09-11,SNP,PNP,146,204.0,142.0,153,30.0,258.0,4
12919,2026-09-11,PNP,KUN,153,258.0,204.0,158,24.0,258.0,4
12919,2026-09-11,KUN,KKDE,158,258.0,258.0,163,26.0,277.0,4
12919,2026-09-11,KKDE,UMB,163,277.0,258.0,169,60.0,292.0,4
12919,2026-09-11,UMB,SIR,169,293.0,277.0,175,38.0,302.0,4
12919,2026-09-11,SIR,KNN,175,302.0,293.0,177,17.0,301.0,4
12919,2026-09-11,KNN,LDH,177,343.0,302.0,184,75.0,367.0,4
12919,2026-09-11,LDH,JRC,184,373.0,343.0,191,53.0,405.0,4
12919,2026-09-11,JRC,DZA,191,405.0,373.0,204,68.0,387.0,4
12919,2026-09-11,DZA,MEX,204,387.0,405.0,207,17.0,389.0,4
12919,2026-09-11,MEX,PTKC,207,389.0,387.0,214,29.0,395.0,4
12919,2026-09-11,PTKC,MSKT,214,395.0,389.0,218,41.0,388.0,4
12919,2026-09-11,MSKT,JAT,218,390.0,395.0,228,82.0,374.0,4
12919,2026-09-11,JAT,RMJK,228,376.0,390.0,232,49.0,407.0,4
12919,2026-09-11,RMJK,MCTM,232,406.0,376.0,233,24.0,399.0,4
12919,2026-09-11,MCTM,CRWL,233,399.0,406.0,234,15.0,403.0,4
12919,2026-09-11,CRWL,SVDK,234,412.0,399.0,235,32.0,401.0,4
12919,2026-09-12,INDB,DWX,2,13.0,4.0,3,46.0,1.0,5
12919,2026-09-12,DWX,UJN,3,3.0,13.0,4,54.0,0.0,5
12919,2026-09-12,MKC,BCH,5,10.0,10.0,6,16.0,8.0,5
12919,2026-09-12,BCH,AKD,6,8.0,10.0,7,28.0,6.0,5
12919,2026-09-12,AKD,SJP,7,9.0,8.0,8,13.0,8.0,5
12919,2026-09-12,SJP,KPP,8,9.0,9.0,9,15.0,5.0,5
12919,2026-09-12,KPP,SEH,9,8.0,9.0,10,23.0,3.0,5
12919,2026-09-12,SEH,SHRN,10,8.0,8.0,11,43.0,0.0,5
12919,2026-09-12,SHRN,BPL,11,0.0,8.0,12,27.0,5.0,5
12919,2026-09-12,BPL,NSZ,12,7.0,0.0,13,22.0,30.0,5
12919,2026-09-12,NSZ,BHS,13,40.0,7.0,14,23.0,64.0,5
12919,2026-09-12,BHS,BAQ,14,66.0,40.0,15,26.0,71.0,5
12919,2026-09-12,BAQ,BINA,15,72.0,66.0,16,59.0,78.0,5
12919,2026-09-12,BINA,LAR,16,85.0,72.0,17,44.0,90.0,5
12919,2026-09-12,LAR,BAB,17,97.0,85.0,18,40.0,94.0,5
12919,2026-09-12,BAB,VGLJ,18,100.0,97.0,19,36.0,96.0,5
12919,2026-09-12,VGLJ,DAA,19,103.0,100.0,20,29.0,100.0,5
12919,2026-09-12,DAA,DBA,20,107.0,103.0,21,23.0,102.0,5
12919,2026-09-12,DBA,GWL,21,109.0,107.0,22,32.0,118.0,5
12919,2026-09-12,GWL,MRA,22,118.0,109.0,23,31.0,118.0,5
12919,2026-09-12,MRA,DHO,23,118.0,118.0,24,43.0,118.0,5
12919,2026-09-12,DHO,AGC,24,118.0,118.0,25,32.0,118.0,5
12919,2026-09-12,AGC,MTJ,25,118.0,118.0,26,43.0,118.0,5
12919,2026-09-12,MTJ,KSV,26,118.0,118.0,27,29.0,118.0,5
12919,2026-09-12,KSV,PWL,27,118.0,118.0,28,66.0,118.0,5
12919,2026-09-12,PWL,BVH,28,118.0,118.0,29,18.0,118.0,5
12919,2026-09-12,BVH,FDB,29,118.0,118.0,30,11.0,118.0,5
12919,2026-09-12,FDB,NZM,30,118.0,118.0,31,21.0,118.0,5
12919,2026-09-12,NZM,NDLS,31,118.0,118.0,32,27.0,118.0,5
12919,2026-09-12,NDLS,SNP,32,118.0,118.0,33,55.0,118.0,5
12919,2026-09-12,SNP,PNP,33,118.0,118.0,34,30.0,118.0,5
12919,2026-09-12,PNP,KUN,34,118.0,118.0,35,24.0,118.0,5
12919,2026-09-12,KUN,KKDE,35,118.0,118.0,36,26.0,118.0,5
12919,2026-09-12,KKDE,UMB,36,118.0,118.0,37,60.0,118.0,5
12919,2026-09-12,UMB,SIR,37,118.0,118.0,38,38.0,118.0,5
12919,2026-09-12,SIR,KNN,38,118.0,118.0,39,17.0,118.0,5
12919,2026-09-12,KNN,LDH,39,118.0,118.0,40,75.0,118.0,5
12919,2026-09-12,LDH,JRC,40,118.0,118.0,41,53.0,118.0,5
12919,2026-09-12,JRC,DZA,41,118.0,118.0,42,68.0,118.0,5
12919,2026-09-12,DZA,MEX,42,118.0,118.0,43,17.0,118.0,5
12919,2026-09-12,MEX,PTKC,43,118.0,118.0,44,29.0,118.0,5
12919,2026-09-12,PTKC,MSKT,44,118.0,118.0,45,41.0,118.0,5
12919,2026-09-12,MSKT,JAT,45,118.0,118.0,46,82.0,118.0,5
12919,2026-09-12,JAT,RMJK,46,118.0,118.0,47,49.0,118.0,5
12919,2026-09-12,RMJK,MCTM,47,118.0,118.0,48,24.0,118.0,5
12919,2026-09-12,MCTM,CRWL,48,118.0,118.0,49,15.0,118.0,5
12919,2026-09-12,CRWL,SVDK,49,118.0,118.0,50,32.0,118.0,5
12920,2026-08-10,CRWL,MCTM,2,12.0,13.0,3,19.0,3.0,0
12920,2026-08-10,MCTM,RMJK,3,13.0,12.0,4,16.0,7.0,0
12920,2026-08-11,CRWL,MCTM,2,11.0,8.0,3,19.0,2.0,1
12920,2026-08-11,MCTM,RMJK,3,11.0,11.0,4,16.0,6.0,1
12920,2026-08-12,CRWL,MCTM,2,10.0,6.0,3,19.0,-2.0,2
12920,2026-08-12,MCTM,RMJK,3,8.0,10.0,4,16.0,4.0,2
12920,2026-08-13,CRWL,MCTM,2,9.0,7.0,3,19.0,-2.0,3
12920,2026-08-13,MCTM,RMJK,3,8.0,9.0,4,16.0,4.0,3
12920,2026-08-14,CRWL,MCTM,2,14.0,6.0,3,19.0,3.0,4
12920,2026-08-14,MCTM,RMJK,3,16.0,14.0,4,16.0,13.0,4
12920,2026-08-15,CRWL,MCTM,2,10.0,7.0,3,19.0,0.0,5
12920,2026-08-15,MCTM,RMJK,3,13.0,10.0,4,16.0,7.0,5
12920,2026-08-16,CRWL,MCTM,2,10.0,8.0,3,19.0,-1.0,6
12920,2026-08-16,MCTM,RMJK,3,10.0,10.0,4,16.0,6.0,6
12920,2026-08-17,CRWL,MCTM,2,5.0,6.0,3,19.0,1.0,0
12920,2026-08-17,MCTM,RMJK,3,10.0,5.0,4,16.0,6.0,0
12920,2026-08-18,CRWL,MCTM,2,17.0,12.0,3,19.0,5.0,1
12920,2026-08-18,MCTM,RMJK,3,15.0,17.0,4,16.0,11.0,1
12920,2026-08-19,CRWL,MCTM,2,11.0,8.0,3,19.0,0.0,2
12920,2026-08-19,MCTM,RMJK,3,11.0,11.0,4,16.0,4.0,2
12920,2026-08-20,CRWL,MCTM,2,10.0,8.0,3,19.0,0.0,3
12920,2026-08-20,MCTM,RMJK,3,8.0,10.0,4,16.0,10.0,3
12920,2026-08-20,RMJK,JAT,4,10.0,8.0,8,56.0,4.0,3
12920,2026-08-20,JAT,MSKT,8,6.0,10.0,18,75.0,1.0,3
12920,2026-08-20,MSKT,PTKC,18,6.0,6.0,22,40.0,1.0,3
12920,2026-08-20,PTKC,MEX,22,4.0,6.0,29,36.0,3.0,3
12920,2026-08-20,MEX,DZA,29,6.0,4.0,32,17.0,1.0,3
12920,2026-08-20,DZA,JRC,32,8.0,6.0,45,67.0,0.0,3
12920,2026-08-20,JRC,LDH,45,8.0,8.0,52,50.0,5.0,3
12920,2026-08-20,LDH,KNN,52,7.0,8.0,59,53.0,0.0,3
12920,2026-08-20,KNN,SIR,59,1.0,7.0,61,16.0,0.0,3
12920,2026-08-20,SIR,UMB,61,3.0,1.0,67,46.0,0.0,3
12920,2026-08-20,UMB,KKDE,67,1.0,3.0,73,35.0,3.0,3
12920,2026-08-20,KKDE,KUN,73,8.0,1.0,78,25.0,1.0,3
12920,2026-08-20,KUN,PNP,78,7.0,8.0,83,24.0,5.0,3
12920,2026-08-20,PNP,SNP,83,12.0,7.0,90,30.0,11.0,3
12920,2026-08-20,SNP,SZM,90,18.0,12.0,99,42.0,3.0,3
12920,2026-08-20,FDB,BVH,109,16.0,16.0,111,11.0,15.0,3
12920,2026-08-20,BVH,PWL,111,14.0,16.0,113,28.0,1.0,3
12920,2026-08-20,PWL,KSV,113,6.0,14.0,118,28.0,0.0,3
12920,2026-08-20,KSV,MTJ,118,5.0,6.0,123,30.0,3.0,3
12920,2026-08-20,MTJ,AGC,123,7.0,5.0,131,37.0,19.0,3
12920,2026-08-20,AGC,DHO,131,28.0,7.0,135,58.0,9.0,3
12920,2026-08-20,DHO,MRA,135,13.0,28.0,139,37.0,1.0,3
12920,2026-08-20,MRA,GWL,139,7.0,13.0,145,30.0,14.0,3
12920,2026-08-20,GWL,DBA,145,17.0,7.0,151,42.0,9.0,3
12920,2026-08-20,DBA,DAA,151,10.0,17.0,154,26.0,8.0,3
12920,2026-08-20,DAA,VGLJ,154,12.0,10.0,156,37.0,9.0,3
12920,2026-08-20,VGLJ,BAB,156,12.0,12.0,159,32.0,21.0,3
12920,2026-08-20,BAB,LAR,159,27.0,12.0,168,44.0,28.0,3
12920,2026-08-20,LAR,BINA,168,30.0,27.0,175,69.0,2.0,3
12920,2026-08-20,BINA,BAQ,175,7.0,30.0,181,36.0,3.0,3
12920,2026-08-20,BAQ,BHS,181,9.0,7.0,186,27.0,10.0,3
12920,2026-08-20,BHS,NSZ,186,13.0,9.0,192,57.0,0.0,3
12920,2026-08-20,SEH,KPP,198,44.0,44.0,202,27.0,39.0,3
12920,2026-08-20,KPP,SJP,202,40.0,44.0,204,13.0,37.0,3
12920,2026-08-20,SJP,AKD,204,43.0,40.0,206,15.0,40.0,3
12920,2026-08-20,AKD,BCH,206,41.0,43.0,210,27.0,38.0,3
12920,2026-08-20,BCH,MKC,210,43.0,41.0,212,29.0,28.0,3
12920,2026-08-20,MKC,UJN,212,39.0,43.0,217,51.0,41.0,3
12920,2026-08-20,DWX,INDB,223,24.0,24.0,229,65.0,3.0,3
12920,2026-08-20,INDB,DADN,229,15.0,24.0,235,50.0,4.0,3
12920,2026-08-21,CRWL,MCTM,2,10.0,6.0,3,19.0,0.0,4
12920,2026-08-21,MCTM,RMJK,3,10.0,10.0,4,16.0,5.0,4
12920,2026-08-21,RMJK,JAT,4,8.0,10.0,8,56.0,1.0,4
12920,2026-08-21,JAT,MSKT,8,4.0,8.0,18,75.0,-4.0,4
12920,2026-08-21,MSKT,PTKC,18,4.0,4.0,22,40.0,-3.0,4
12920,2026-08-21,PTKC,MEX,22,4.0,4.0,29,36.0,3.0,4
12920,2026-08-21,MEX,DZA,29,8.0,4.0,32,17.0,4.0,4
12920,2026-08-21,DZA,JRC,32,8.0,8.0,45,67.0,1.0,4
12920,2026-08-21,JRC,LDH,45,9.0,8.0,52,50.0,-2.0,4
12920,2026-08-21,LDH,KNN,52,6.0,9.0,59,53.0,-11.0,4
12920,2026-08-21,KNN,SIR,59,3.0,6.0,61,16.0,1.0,4
12920,2026-08-21,SIR,UMB,61,4.0,3.0,67,46.0,-2.0,4
12920,2026-08-21,UMB,KKDE,67,4.0,4.0,73,35.0,6.0,4
12920,2026-08-21,KKDE,KUN,73,10.0,4.0,78,25.0,7.0,4
12920,2026-08-21,KUN,PNP,78,11.0,10.0,83,24.0,14.0,4
12920,2026-08-21,PNP,SNP,83,19.0,11.0,90,30.0,17.0,4
12920,2026-08-21,SNP,SZM,90,21.0,19.0,99,42.0,11.0,4
12920,2026-08-21,FDB,BVH,109,16.0,16.0,111,11.0,11.0,4
12920,2026-08-21,BVH,PWL,111,15.0,16.0,113,28.0,0.0,4
12920,2026-08-21,PWL,KSV,113,5.0,15.0,118,28.0,1.0,4
12920,2026-08-21,KSV,MTJ,118,3.0,5.0,123,30.0,6.0,4
12920,2026-08-21,MTJ,AGC,123,15.0,3.0,131,37.0,24.0,4
12920,2026-08-21,AGC,DHO,131,31.0,15.0,135,58.0,17.0,4
12920,2026-08-21,DHO,MRA,135,19.0,31.0,139,37.0,5.0,4
12920,2026-08-21,MRA,GWL,139,14.0,19.0,145,30.0,14.0,4
12920,2026-08-21,GWL,DBA,145,19.0,14.0,151,42.0,10.0,4
12920,2026-08-21,DBA,DAA,151,15.0,19.0,154,26.0,26.0,4
12920,2026-08-21,DAA,VGLJ,154,30.0,15.0,156,37.0,14.0,4
12920,2026-08-21,VGLJ,BAB,156,22.0,30.0,159,32.0,16.0,4
12920,2026-08-21,BAB,LAR,159,22.0,22.0,168,44.0,20.0,4
12920,2026-08-21,LAR,BINA,168,24.0,22.0,175,69.0,12.0,4
12920,2026-08-21,BINA,BAQ,175,19.0,24.0,181,36.0,13.0,4
12920,2026-08-21,BAQ,BHS,181,16.0,19.0,186,27.0,19.0,4
12920,2026-08-21,BHS,NSZ,186,23.0,16.0,192,57.0,31.0,4
12920,2026-08-21,SEH,KPP,198,58.0,58.0,202,27.0,50.0,4
12920,2026-08-21,KPP,SJP,202,53.0,58.0,204,13.0,51.0,4
12920,2026-08-21,SJP,AKD,204,54.0,53.0,206,15.0,53.0,4
12920,2026-08-21,AKD,BCH,206,53.0,54.0,210,27.0,56.0,4
12920,2026-08-21,BCH,MKC,210,62.0,53.0,212,29.0,51.0,4
12920,2026-08-21,MKC,UJN,212,59.0,62.0,217,51.0,60.0,4
12920,2026-08-21,DWX,INDB,223,69.0,69.0,229,65.0,47.0,4
12920,2026-08-21,INDB,DADN,229,62.0,69.0,235,50.0,38.0,4
12920,2026-08-22,CRWL,MCTM,2,19.0,14.0,3,19.0,7.0,5
12920,2026-08-22,MCTM,RMJK,3,16.0,19.0,4,16.0,12.0,5
12920,2026-08-22,RMJK,JAT,4,15.0,16.0,8,56.0,8.0,5
12920,2026-08-22,JAT,MSKT,8,22.0,15.0,18,75.0,10.0,5
12920,2026-08-22,MSKT,PTKC,18,17.0,22.0,22,40.0,8.0,5
12920,2026-08-22,PTKC,MEX,22,14.0,17.0,29,36.0,13.0,5
12920,2026-08-22,MEX,DZA,29,17.0,14.0,32,17.0,14.0,5
12920,2026-08-22,DZA,JRC,32,19.0,17.0,45,67.0,5.0,5
12920,2026-08-22,JRC,LDH,45,9.0,19.0,52,50.0,-1.0,5
12920,2026-08-22,LDH,KNN,52,7.0,9.0,59,53.0,-9.0,5
12920,2026-08-22,KNN,SIR,59,3.0,7.0,61,16.0,1.0,5
12920,2026-08-22,SIR,UMB,61,6.0,3.0,67,46.0,2.0,5
12920,2026-08-22,UMB,KKDE,67,10.0,6.0,73,35.0,9.0,5
12920,2026-08-22,KKDE,KUN,73,12.0,10.0,78,25.0,8.0,5
12920,2026-08-22,KUN,PNP,78,12.0,12.0,83,24.0,15.0,5
12920,2026-08-22,PNP,SNP,83,19.0,12.0,90,30.0,19.0,5
12920,2026-08-22,SNP,SZM,90,24.0,19.0,99,42.0,13.0,5
12920,2026-08-22,FDB,BVH,109,12.0,12.0,111,11.0,8.0,5
12920,2026-08-22,BVH,PWL,111,10.0,12.0,113,28.0,-4.0,5
12920,2026-08-22,PWL,KSV,113,2.0,10.0,118,28.0,-1.0,5
12920,2026-08-22,KSV,MTJ,118,3.0,2.0,123,30.0,0.0,5
12920,2026-08-22,MTJ,AGC,123,6.0,3.0,131,37.0,10.0,5
12920,2026-08-22,AGC,DHO,131,17.0,6.0,135,58.0,-3.0,5
12920,2026-08-22,DHO,MRA,135,2.0,17.0,139,37.0,-16.0,5
12920,2026-08-22,MRA,GWL,139,3.0,2.0,145,30.0,0.0,5
12920,2026-08-22,GWL,DBA,145,6.0,3.0,151,42.0,-3.0,5
12920,2026-08-22,DBA,DAA,151,2.0,6.0,154,26.0,-2.0,5
12920,2026-08-22,DAA,VGLJ,154,4.0,2.0,156,37.0,7.0,5
12920,2026-08-22,VGLJ,BAB,156,11.0,4.0,159,32.0,11.0,5
12920,2026-08-22,BAB,LAR,159,16.0,11.0,168,44.0,17.0,5
12920,2026-08-22,LAR,BINA,168,22.0,16.0,175,69.0,-1.0,5
12920,2026-08-22,BINA,BAQ,175,5.0,22.0,181,36.0,2.0,5
12920,2026-08-22,BAQ,BHS,181,5.0,5.0,186,27.0,10.0,5
12920,2026-08-22,BHS,NSZ,186,14.0,5.0,192,57.0,11.0,5
12920,2026-08-22,SEH,KPP,198,76.0,76.0,202,27.0,69.0,5
12920,2026-08-22,KPP,SJP,202,74.0,76.0,204,13.0,72.0,5
12920,2026-08-22,SJP,AKD,204,75.0,74.0,206,15.0,70.0,5
12920,2026-08-22,AKD,BCH,206,75.0,75.0,210,27.0,69.0,5
12920,2026-08-22,BCH,MKC,210,73.0,75.0,212,29.0,58.0,5
12920,2026-08-22,MKC,UJN,212,69.0,73.0,217,51.0,51.0,5
12920,2026-08-22,DWX,INDB,223,65.0,65.0,229,65.0,45.0,5
12920,2026-08-23,CRWL,MCTM,2,20.0,5.0,3,19.0,11.0,6
12920,2026-08-23,MCTM,RMJK,3,21.0,20.0,4,16.0,15.0,6
12920,2026-08-23,RMJK,JAT,4,18.0,21.0,8,56.0,10.0,6
12920,2026-08-23,JAT,MSKT,8,10.0,18.0,18,75.0,-1.0,6
12920,2026-08-23,MSKT,PTKC,18,5.0,10.0,22,40.0,-1.0,6
12920,2026-08-23,PTKC,MEX,22,4.0,5.0,29,36.0,2.0,6
12920,2026-08-23,MEX,DZA,29,7.0,4.0,32,17.0,4.0,6
12920,2026-08-23,DZA,JRC,32,6.0,7.0,45,67.0,-2.0,6
12920,2026-08-23,JRC,LDH,45,7.0,6.0,52,50.0,3.0,6
12920,2026-08-23,LDH,KNN,52,7.0,7.0,59,53.0,5.0,6
12920,2026-08-23,KNN,SIR,59,9.0,7.0,61,16.0,4.0,6
12920,2026-08-23,SIR,UMB,61,10.0,9.0,67,46.0,4.0,6
12920,2026-08-23,UMB,KKDE,67,9.0,10.0,73,35.0,7.0,6
12920,2026-08-23,KKDE,KUN,73,11.0,9.0,78,25.0,17.0,6
12920,2026-08-23,KUN,PNP,78,22.0,11.0,83,24.0,24.0,6
12920,2026-08-23,PNP,SNP,83,28.0,22.0,90,30.0,27.0,6
12920,2026-08-23,SNP,SZM,90,31.0,28.0,99,42.0,20.0,6
12920,2026-08-23,FDB,BVH,109,8.0,8.0,111,11.0,5.0,6
12920,2026-08-23,BVH,PWL,111,9.0,8.0,113,28.0,-6.0,6
12920,2026-08-23,PWL,KSV,113,2.0,9.0,118,28.0,-1.0,6
12920,2026-08-23,KSV,MTJ,118,4.0,2.0,123,30.0,0.0,6
12920,2026-08-23,MTJ,AGC,123,8.0,4.0,131,37.0,7.0,6
12920,2026-08-23,AGC,DHO,131,15.0,8.0,135,58.0,-3.0,6
12920,2026-08-23,DHO,MRA,135,2.0,15.0,139,37.0,-15.0,6
12920,2026-08-23,MRA,GWL,139,3.0,2.0,145,30.0,5.0,6
12920,2026-08-23,GWL,DBA,145,13.0,3.0,151,42.0,9.0,6
12920,2026-08-23,DBA,DAA,151,13.0,13.0,154,26.0,9.0,6
12920,2026-08-23,DAA,VGLJ,154,14.0,13.0,156,37.0,1.0,6
12920,2026-08-23,VGLJ,BAB,156,14.0,14.0,159,32.0,10.0,6
12920,2026-08-23,BAB,LAR,159,17.0,14.0,168,44.0,27.0,6
12920,2026-08-23,LAR,BINA,168,32.0,17.0,175,69.0,10.0,6
12920,2026-08-23,BINA,BAQ,175,23.0,32.0,181,36.0,21.0,6
12920,2026-08-23,BAQ,BHS,181,26.0,23.0,186,27.0,27.0,6
12920,2026-08-23,BHS,NSZ,186,32.0,26.0,192,57.0,19.0,6
12920,2026-08-23,SHRN,SEH,194,30.0,38.0,198,12.0,54.0,6
12920,2026-08-23,SEH,KPP,198,64.0,30.0,202,27.0,57.0,6
12920,2026-08-23,KPP,SJP,202,59.0,64.0,204,13.0,56.0,6
12920,2026-08-23,SJP,AKD,204,60.0,59.0,206,15.0,54.0,6
12920,2026-08-23,AKD,BCH,206,59.0,60.0,210,27.0,51.0,6
12920,2026-08-23,BCH,MKC,210,56.0,59.0,212,29.0,40.0,6
12920,2026-08-23,MKC,UJN,212,48.0,56.0,217,51.0,25.0,6
12920,2026-08-23,DWX,INDB,223,41.0,41.0,229,65.0,17.0,6
12920,2026-08-23,INDB,DADN,229,22.0,41.0,235,50.0,11.0,6
12920,2026-08-24,CRWL,MCTM,2,20.0,13.0,3,19.0,9.0,0
12920,2026-08-24,MCTM,RMJK,3,20.0,20.0,4,16.0,14.0,0
12920,2026-08-24,RMJK,JAT,4,19.0,20.0,8,56.0,17.0,0
12920,2026-08-24,JAT,MSKT,8,18.0,19.0,18,75.0,6.0,0
12920,2026-08-24,MSKT,PTKC,18,10.0,18.0,22,40.0,4.0,0
12920,2026-08-24,PTKC,MEX,22,10.0,10.0,29,36.0,9.0,0
12920,2026-08-24,MEX,DZA,29,13.0,10.0,32,17.0,11.0,0
12920,2026-08-24,DZA,JRC,32,14.0,13.0,45,67.0,2.0,0
12920,2026-08-24,JRC,LDH,45,4.0,14.0,52,50.0,2.0,0
12920,2026-08-24,LDH,KNN,52,7.0,4.0,59,53.0,-2.0,0
12920,2026-08-24,KNN,SIR,59,2.0,7.0,61,16.0,-2.0,0
12920,2026-08-24,SIR,UMB,61,2.0,2.0,67,46.0,-1.0,0
12920,2026-08-24,UMB,KKDE,67,4.0,2.0,73,35.0,3.0,0
12920,2026-08-24,KKDE,KUN,73,8.0,4.0,78,25.0,5.0,0
12920,2026-08-24,KUN,PNP,78,10.0,8.0,83,24.0,14.0,0
12920,2026-08-24,PNP,SNP,83,19.0,10.0,90,30.0,20.0,0
12920,2026-08-24,SNP,SZM,90,25.0,19.0,99,42.0,10.0,0
12920,2026-08-24,FDB,BVH,109,18.0,18.0,111,11.0,14.0,0
12920,2026-08-24,BVH,PWL,111,17.0,18.0,113,28.0,4.0,0
12920,2026-08-24,PWL,KSV,113,8.0,17.0,118,28.0,7.0,0
12920,2026-08-24,KSV,MTJ,118,7.0,8.0,123,30.0,3.0,0
12920,2026-08-24,MTJ,AGC,123,11.0,7.0,131,37.0,17.0,0
12920,2026-08-24,AGC,DHO,131,22.0,11.0,135,58.0,1.0,0
12920,2026-08-24,DHO,MRA,135,2.0,22.0,139,37.0,-9.0,0
12920,2026-08-24,MRA,GWL,139,3.0,2.0,145,30.0,1.0,0
12920,2026-08-24,GWL,DBA,145,11.0,3.0,151,42.0,3.0,0
12920,2026-08-24,DBA,DAA,151,7.0,11.0,154,26.0,4.0,0
12920,2026-08-24,DAA,VGLJ,154,8.0,7.0,156,37.0,-11.0,0
12920,2026-08-24,VGLJ,BAB,156,8.0,8.0,159,32.0,3.0,0
12920,2026-08-24,BAB,LAR,159,8.0,8.0,168,44.0,12.0,0
12920,2026-08-24,LAR,BINA,168,17.0,8.0,175,69.0,0.0,0
12920,2026-08-24,BINA,BAQ,175,8.0,17.0,181,36.0,9.0,0
12920,2026-08-24,BAQ,BHS,181,13.0,8.0,186,27.0,16.0,0
12920,2026-08-24,BHS,NSZ,186,21.0,13.0,192,57.0,40.0,0
12920,2026-08-24,SEH,KPP,198,76.0,76.0,202,27.0,69.0,0
12920,2026-08-24,KPP,SJP,202,73.0,76.0,204,13.0,70.0,0
12920,2026-08-24,SJP,AKD,204,74.0,73.0,206,15.0,68.0,0
12920,2026-08-24,AKD,BCH,206,74.0,74.0,210,27.0,69.0,0
12920,2026-08-24,BCH,MKC,210,76.0,74.0,212,29.0,61.0,0
12920,2026-08-24,MKC,UJN,212,69.0,76.0,217,51.0,48.0,0
12920,2026-08-24,DWX,INDB,223,57.0,57.0,229,65.0,29.0,0
12920,2026-08-24,INDB,DADN,229,33.0,57.0,235,50.0,8.0,0
12920,2026-08-25,CRWL,MCTM,2,12.0,7.0,3,19.0,1.0,1
12920,2026-08-25,MCTM,RMJK,3,11.0,12.0,4,16.0,6.0,1
12920,2026-08-25,RMJK,JAT,4,14.0,11.0,8,56.0,26.0,1
12920,2026-08-25,JAT,MSKT,8,29.0,14.0,18,75.0,17.0,1
12920,2026-08-25,MSKT,PTKC,18,23.0,29.0,22,40.0,15.0,1
12920,2026-08-25,PTKC,MEX,22,20.0,23.0,29,36.0,18.0,1
12920,2026-08-25,MEX,DZA,29,23.0,20.0,32,17.0,19.0,1
12920,2026-08-25,DZA,JRC,32,23.0,23.0,45,67.0,6.0,1
12920,2026-08-25,JRC,LDH,45,10.0,23.0,52,50.0,-5.0,1
12920,2026-08-25,LDH,KNN,52,4.0,10.0,59,53.0,-7.0,1
12920,2026-08-25,KNN,SIR,59,4.0,4.0,61,16.0,0.0,1
12920,2026-08-25,SIR,UMB,61,5.0,4.0,67,46.0,0.0,1
12920,2026-08-25,UMB,KKDE,67,5.0,5.0,73,35.0,3.0,1
12920,2026-08-25,KKDE,KUN,73,7.0,5.0,78,25.0,3.0,1
12920,2026-08-25,KUN,PNP,78,8.0,7.0,83,24.0,12.0,1
12920,2026-08-25,PNP,SNP,83,15.0,8.0,90,30.0,13.0,1
12920,2026-08-25,SNP,SZM,90,18.0,15.0,99,42.0,21.0,1
12920,2026-08-25,FDB,BVH,109,16.0,16.0,111,11.0,11.0,1
12920,2026-08-25,BVH,PWL,111,16.0,16.0,113,28.0,1.0,1
12920,2026-08-25,PWL,KSV,113,3.0,16.0,118,28.0,1.0,1
12920,2026-08-25,KSV,MTJ,118,4.0,3.0,123,30.0,2.0,1
12920,2026-08-25,MTJ,AGC,123,10.0,4.0,131,37.0,13.0,1
12920,2026-08-25,AGC,DHO,131,19.0,10.0,135,58.0,-5.0,1
12920,2026-08-25,DHO,MRA,135,3.0,19.0,139,37.0,-7.0,1
12920,2026-08-25,MRA,GWL,139,3.0,3.0,145,30.0,7.0,1
12920,2026-08-25,GWL,DBA,145,14.0,3.0,151,42.0,9.0,1
12920,2026-08-25,DBA,DAA,151,14.0,14.0,154,26.0,18.0,1
12920,2026-08-25,DAA,VGLJ,154,24.0,14.0,156,37.0,21.0,1
12920,2026-08-25,VGLJ,BAB,156,40.0,24.0,159,32.0,36.0,1
12920,2026-08-25,BAB,LAR,159,69.0,40.0,168,44.0,107.0,1
12920,2026-08-25,LAR,BINA,168,116.0,69.0,175,69.0,92.0,1
12920,2026-08-25,BINA,BAQ,175,97.0,116.0,181,36.0,101.0,1
12920,2026-08-25,BAQ,BHS,181,106.0,97.0,186,27.0,115.0,1
12920,2026-08-25,BHS,NSZ,186,120.0,106.0,192,57.0,118.0,1
12920,2026-08-25,SEH,KPP,198,174.0,174.0,202,27.0,164.0,1
12920,2026-08-25,KPP,SJP,202,170.0,174.0,204,13.0,166.0,1
12920,2026-08-25,SJP,AKD,204,170.0,170.0,206,15.0,165.0,1
12920,2026-08-25,AKD,BCH,206,169.0,170.0,210,27.0,161.0,1
12920,2026-08-25,BCH,MKC,210,166.0,169.0,212,29.0,150.0,1
12920,2026-08-25,MKC,UJN,212,158.0,166.0,217,51.0,150.0,1
12920,2026-08-25,DWX,INDB,223,162.0,162.0,229,65.0,130.0,1
12920,2026-08-26,CRWL,MCTM,2,9.0,7.0,3,19.0,-2.0,2
12920,2026-08-26,MCTM,RMJK,3,8.0,9.0,4,16.0,3.0,2
12920,2026-08-26,RMJK,JAT,4,5.0,8.0,8,56.0,5.0,2
12920,2026-08-26,JAT,MSKT,8,9.0,5.0,18,75.0,6.0,2
12920,2026-08-26,MSKT,PTKC,18,10.0,9.0,22,40.0,3.0,2
12920,2026-08-26,PTKC,MEX,22,7.0,10.0,29,36.0,4.0,2
12920,2026-08-26,MEX,DZA,29,10.0,7.0,32,17.0,7.0,2
12920,2026-08-26,DZA,JRC,32,11.0,10.0,45,67.0,-6.0,2
12920,2026-08-26,JRC,LDH,45,3.0,11.0,52,50.0,-2.0,2
12920,2026-08-26,LDH,KNN,52,4.0,3.0,59,53.0,-9.0,2
12920,2026-08-26,KNN,SIR,59,4.0,4.0,61,16.0,-1.0,2
12920,2026-08-26,SIR,UMB,61,4.0,4.0,67,46.0,4.0,2
12920,2026-08-26,UMB,KKDE,67,8.0,4.0,73,35.0,3.0,2
12920,2026-08-26,KKDE,KUN,73,9.0,8.0,78,25.0,5.0,2
12920,2026-08-26,KUN,PNP,78,8.0,9.0,83,24.0,11.0,2
12920,2026-08-26,PNP,SNP,83,17.0,8.0,90,30.0,15.0,2
12920,2026-08-26,SNP,SZM,90,19.0,17.0,99,42.0,18.0,2
12920,2026-08-26,FDB,BVH,109,17.0,17.0,111,11.0,13.0,2
12920,2026-08-26,BVH,PWL,111,17.0,17.0,113,28.0,7.0,2
12920,2026-08-26,PWL,KSV,113,19.0,17.0,118,28.0,14.0,2
12920,2026-08-26,KSV,MTJ,118,17.0,19.0,123,30.0,16.0,2
12920,2026-08-26,MTJ,AGC,123,22.0,17.0,131,37.0,23.0,2
12920,2026-08-26,AGC,DHO,131,33.0,22.0,135,58.0,15.0,2
12920,2026-08-26,DHO,MRA,135,17.0,33.0,139,37.0,-1.0,2
12920,2026-08-26,MRA,GWL,139,8.0,17.0,145,30.0,8.0,2
12920,2026-08-26,GWL,DBA,145,14.0,8.0,151,42.0,8.0,2
12920,2026-08-26,DBA,DAA,151,11.0,14.0,154,26.0,9.0,2
12920,2026-08-26,DAA,VGLJ,154,14.0,11.0,156,37.0,7.0,2
12920,2026-08-26,VGLJ,BAB,156,13.0,14.0,159,32.0,11.0,2
12920,2026-08-26,BAB,LAR,159,18.0,13.0,168,44.0,20.0,2
12920,2026-08-26,LAR,BINA,168,25.0,18.0,175,69.0,6.0,2
12920,2026-08-26,BINA,BAQ,175,14.0,25.0,181,36.0,15.0,2
12920,2026-08-26,BAQ,BHS,181,20.0,14.0,186,27.0,20.0,2
12920,2026-08-26,BHS,NSZ,186,24.0,20.0,192,57.0,28.0,2
12920,2026-08-26,SEH,KPP,198,62.0,62.0,202,27.0,55.0,2
12920,2026-08-26,KPP,SJP,202,58.0,62.0,204,13.0,55.0,2
12920,2026-08-26,SJP,AKD,204,59.0,58.0,206,15.0,54.0,2
12920,2026-08-26,AKD,BCH,206,58.0,59.0,210,27.0,51.0,2
12920,2026-08-26,BCH,MKC,210,58.0,58.0,212,29.0,44.0,2
12920,2026-08-26,MKC,UJN,212,54.0,58.0,217,51.0,74.0,2
12920,2026-08-26,DWX,INDB,223,58.0,58.0,229,65.0,30.0,2
12920,2026-08-26,INDB,DADN,229,34.0,58.0,235,50.0,11.0,2
12920,2026-08-27,CRWL,MCTM,2,16.0,11.0,3,19.0,5.0,3
12920,2026-08-27,MCTM,RMJK,3,16.0,16.0,4,16.0,11.0,3
12920,2026-08-27,RMJK,JAT,4,15.0,16.0,8,56.0,5.0,3
12920,2026-08-27,JAT,MSKT,8,9.0,15.0,18,75.0,-4.0,3
12920,2026-08-27,MSKT,PTKC,18,6.0,9.0,22,40.0,4.0,3
12920,2026-08-27,PTKC,MEX,22,6.0,6.0,29,36.0,3.0,3
12920,2026-08-27,MEX,DZA,29,8.0,6.0,32,17.0,4.0,3
12920,2026-08-27,DZA,JRC,32,7.0,8.0,45,67.0,11.0,3
12920,2026-08-27,JRC,LDH,45,13.0,7.0,52,50.0,2.0,3
12920,2026-08-27,LDH,KNN,52,6.0,13.0,59,53.0,-6.0,3
12920,2026-08-27,KNN,SIR,59,3.0,6.0,61,16.0,-2.0,3
12920,2026-08-27,SIR,UMB,61,3.0,3.0,67,46.0,1.0,3
12920,2026-08-27,UMB,KKDE,67,7.0,3.0,73,35.0,4.0,3
12920,2026-08-27,KKDE,KUN,73,9.0,7.0,78,25.0,4.0,3
12920,2026-08-27,KUN,PNP,78,9.0,9.0,83,24.0,11.0,3
12920,2026-08-27,PNP,SNP,83,16.0,9.0,90,30.0,17.0,3
12920,2026-08-27,SNP,SZM,90,22.0,16.0,99,42.0,10.0,3
12920,2026-08-27,FDB,BVH,109,18.0,18.0,111,11.0,18.0,3
12920,2026-08-27,BVH,PWL,111,22.0,18.0,113,28.0,8.0,3
12920,2026-08-27,PWL,KSV,113,12.0,22.0,118,28.0,12.0,3
12920,2026-08-27,KSV,MTJ,118,14.0,12.0,123,30.0,16.0,3
12920,2026-08-27,MTJ,AGC,123,24.0,14.0,131,37.0,27.0,3
12920,2026-08-27,AGC,DHO,131,33.0,24.0,135,58.0,15.0,3
12920,2026-08-27,DHO,MRA,135,15.0,33.0,139,37.0,1.0,3
12920,2026-08-27,MRA,GWL,139,9.0,15.0,145,30.0,7.0,3
12920,2026-08-27,GWL,DBA,145,12.0,9.0,151,42.0,4.0,3
12920,2026-08-27,DBA,DAA,151,11.0,12.0,154,26.0,8.0,3
12920,2026-08-27,DAA,VGLJ,154,14.0,11.0,156,37.0,3.0,3
12920,2026-08-27,VGLJ,BAB,156,8.0,14.0,159,32.0,4.0,3
12920,2026-08-27,BAB,LAR,159,12.0,8.0,168,44.0,23.0,3
12920,2026-08-27,LAR,BINA,168,26.0,12.0,175,69.0,6.0,3
12920,2026-08-27,BINA,BAQ,175,11.0,26.0,181,36.0,5.0,3
12920,2026-08-27,BAQ,BHS,181,11.0,11.0,186,27.0,11.0,3
12920,2026-08-27,BHS,NSZ,186,14.0,11.0,192,57.0,-1.0,3
12920,2026-08-27,SEH,KPP,198,39.0,39.0,202,27.0,34.0,3
12920,2026-08-27,KPP,SJP,202,40.0,39.0,204,13.0,37.0,3
12920,2026-08-27,SJP,AKD,204,41.0,40.0,206,15.0,36.0,3
12920,2026-08-27,AKD,BCH,206,40.0,41.0,210,27.0,35.0,3
12920,2026-08-27,BCH,MKC,210,41.0,40.0,212,29.0,29.0,3
12920,2026-08-27,MKC,UJN,212,35.0,41.0,217,51.0,17.0,3
12920,2026-08-27,DWX,INDB,223,41.0,41.0,229,65.0,13.0,3
12920,2026-08-28,CRWL,MCTM,2,23.0,18.0,3,19.0,15.0,4
12920,2026-08-28,MCTM,RMJK,3,26.0,23.0,4,16.0,24.0,4
12920,2026-08-28,RMJK,JAT,4,23.0,26.0,8,56.0,20.0,4
12920,2026-08-28,JAT,MSKT,8,23.0,23.0,18,75.0,12.0,4
12920,2026-08-28,MSKT,PTKC,18,18.0,23.0,22,40.0,17.0,4
12920,2026-08-28,PTKC,MEX,22,18.0,18.0,29,36.0,20.0,4
12920,2026-08-28,MEX,DZA,29,25.0,18.0,32,17.0,24.0,4
12920,2026-08-28,DZA,JRC,32,27.0,25.0,45,67.0,12.0,4
12920,2026-08-28,JRC,LDH,45,15.0,27.0,52,50.0,5.0,4
12920,2026-08-28,LDH,KNN,52,8.0,15.0,59,53.0,-2.0,4
12920,2026-08-28,KNN,SIR,59,3.0,8.0,61,16.0,-2.0,4
12920,2026-08-28,SIR,UMB,61,2.0,3.0,67,46.0,-4.0,4
12920,2026-08-28,UMB,KKDE,67,4.0,2.0,73,35.0,4.0,4
12920,2026-08-28,KKDE,KUN,73,8.0,4.0,78,25.0,3.0,4
12920,2026-08-28,KUN,PNP,78,8.0,8.0,83,24.0,9.0,4
12920,2026-08-28,PNP,SNP,83,14.0,8.0,90,30.0,11.0,4
12920,2026-08-28,SNP,SZM,90,13.0,14.0,99,42.0,5.0,4
12920,2026-08-28,FDB,BVH,109,14.0,14.0,111,11.0,11.0,4
12920,2026-08-28,BVH,PWL,111,13.0,14.0,113,28.0,-2.0,4
12920,2026-08-28,PWL,KSV,113,2.0,13.0,118,28.0,-2.0,4
12920,2026-08-28,KSV,MTJ,118,2.0,2.0,123,30.0,-1.0,4
12920,2026-08-28,MTJ,AGC,123,6.0,2.0,131,37.0,13.0,4
12920,2026-08-28,AGC,DHO,131,17.0,6.0,135,58.0,-3.0,4
12920,2026-08-28,DHO,MRA,135,2.0,17.0,139,37.0,-12.0,4
12920,2026-08-28,MRA,GWL,139,3.0,2.0,145,30.0,4.0,4
12920,2026-08-28,GWL,DBA,145,10.0,3.0,151,42.0,3.0,4
12920,2026-08-28,DBA,DAA,151,8.0,10.0,154,26.0,3.0,4
12920,2026-08-28,DAA,VGLJ,154,8.0,8.0,156,37.0,9.0,4
12920,2026-08-28,VGLJ,BAB,156,8.0,8.0,159,32.0,10.0,4
12920,2026-08-28,BAB,LAR,159,18.0,8.0,168,44.0,21.0,4
12920,2026-08-28,LAR,BINA,168,26.0,18.0,175,69.0,2.0,4
12920,2026-08-28,BINA,BAQ,175,7.0,26.0,181,36.0,1.0,4
12920,2026-08-28,BAQ,BHS,181,4.0,7.0,186,27.0,5.0,4
12920,2026-08-28,BHS,NSZ,186,9.0,4.0,192,57.0,-2.0,4
12920,2026-08-28,SEH,KPP,198,45.0,45.0,202,27.0,37.0,4
12920,2026-08-28,KPP,SJP,202,40.0,45.0,204,13.0,37.0,4
12920,2026-08-28,SJP,AKD,204,41.0,40.0,206,15.0,36.0,4
12920,2026-08-28,AKD,BCH,206,38.0,41.0,210,27.0,37.0,4
12920,2026-08-28,BCH,MKC,210,42.0,38.0,212,29.0,27.0,4
12920,2026-08-28,MKC,UJN,212,35.0,42.0,217,51.0,14.0,4
12920,2026-08-28,DWX,INDB,223,30.0,30.0,229,65.0,-2.0,4
12920,2026-08-28,INDB,DADN,229,4.0,30.0,235,50.0,-6.0,4
12920,2026-08-29,CRWL,MCTM,2,13.0,4.0,3,19.0,2.0,5
12920,2026-08-29,MCTM,RMJK,3,11.0,13.0,4,16.0,21.0,5
12920,2026-08-29,RMJK,JAT,4,29.0,11.0,8,56.0,19.0,5
12920,2026-08-29,JAT,MSKT,8,25.0,29.0,18,75.0,11.0,5
12920,2026-08-29,MSKT,PTKC,18,17.0,25.0,22,40.0,15.0,5
12920,2026-08-29,PTKC,MEX,22,15.0,17.0,29,36.0,18.0,5
12920,2026-08-29,MEX,DZA,29,23.0,15.0,32,17.0,20.0,5
12920,2026-08-29,DZA,JRC,32,24.0,23.0,45,67.0,4.0,5
12920,2026-08-29,JRC,LDH,45,8.0,24.0,52,50.0,-6.0,5
12920,2026-08-29,LDH,KNN,52,4.0,8.0,59,53.0,3.0,5
12920,2026-08-29,KNN,SIR,59,7.0,4.0,61,16.0,2.0,5
12920,2026-08-29,SIR,UMB,61,7.0,7.0,67,46.0,3.0,5
12920,2026-08-29,UMB,KKDE,67,12.0,7.0,73,35.0,8.0,5
12920,2026-08-29,KKDE,KUN,73,12.0,12.0,78,25.0,8.0,5
12920,2026-08-29,KUN,PNP,78,12.0,12.0,83,24.0,15.0,5
12920,2026-08-29,PNP,SNP,83,19.0,12.0,90,30.0,17.0,5
12920,2026-08-29,SNP,SZM,90,20.0,19.0,99,42.0,15.0,5
12920,2026-08-29,FDB,BVH,109,19.0,19.0,111,11.0,15.0,5
12920,2026-08-29,BVH,PWL,111,19.0,19.0,113,28.0,4.0,5
12920,2026-08-29,PWL,KSV,113,8.0,19.0,118,28.0,4.0,5
12920,2026-08-29,KSV,MTJ,118,8.0,8.0,123,30.0,60.0,5
12920,2026-08-29,MTJ,AGC,123,68.0,8.0,131,37.0,72.0,5
12920,2026-08-29,AGC,DHO,131,81.0,68.0,135,58.0,67.0,5
12920,2026-08-29,DHO,MRA,135,70.0,81.0,139,37.0,56.0,5
12920,2026-08-29,MRA,GWL,139,62.0,70.0,145,30.0,57.0,5
12920,2026-08-29,GWL,DBA,145,64.0,62.0,151,42.0,58.0,5
12920,2026-08-29,DBA,DAA,151,62.0,64.0,154,26.0,59.0,5
12920,2026-08-29,DAA,VGLJ,154,63.0,62.0,156,37.0,45.0,5
12920,2026-08-29,VGLJ,BAB,156,51.0,63.0,159,32.0,47.0,5
12920,2026-08-29,BAB,LAR,159,52.0,51.0,168,44.0,60.0,5
12920,2026-08-29,LAR,BINA,168,77.0,52.0,175,69.0,57.0,5
12920,2026-08-29,BINA,BAQ,175,69.0,77.0,181,36.0,78.0,5
12920,2026-08-29,BAQ,BHS,181,83.0,69.0,186,27.0,84.0,5
12920,2026-08-29,BHS,NSZ,186,89.0,83.0,192,57.0,109.0,5
12920,2026-08-29,SEH,KPP,198,232.0,232.0,202,27.0,222.0,5
12920,2026-08-29,KPP,SJP,202,227.0,232.0,204,13.0,224.0,5
12920,2026-08-29,SJP,AKD,204,228.0,227.0,206,15.0,224.0,5
12920,2026-08-29,AKD,BCH,206,228.0,228.0,210,27.0,221.0,5
12920,2026-08-29,BCH,MKC,210,224.0,228.0,212,29.0,210.0,5
12920,2026-08-29,MKC,UJN,212,217.0,224.0,217,51.0,193.0,5
12920,2026-08-29,DWX,INDB,223,204.0,204.0,229,65.0,187.0,5
12920,2026-08-29,INDB,DADN,229,191.0,204.0,235,50.0,167.0,5
12920,2026-09-11,MCTM,RMJK,3,9.0,9.0,4,16.0,11.0,4
12920,2026-09-11,RMJK,JAT,4,10.0,9.0,8,56.0,7.0,4
12920,2026-09-11,JAT,MSKT,8,4.0,10.0,18,75.0,3.0,4
12920,2026-09-11,MSKT,PTKC,18,3.0,4.0,22,40.0,0.0,4
12920,2026-09-11,PTKC,MEX,22,0.0,3.0,29,36.0,4.0,4
12920,2026-09-11,MEX,DZA,29,5.0,0.0,32,17.0,6.0,4
12920,2026-09-11,DZA,JRC,32,7.0,5.0,45,67.0,6.0,4
12920,2026-09-11,JRC,LDH,45,6.0,7.0,52,50.0,-2.0,4
12920,2026-09-11,LDH,KNN,52,6.0,6.0,59,53.0,-2.0,4
12920,2026-09-11,KNN,SIR,59,0.0,6.0,61,16.0,0.0,4
12920,2026-09-11,SIR,UMB,61,0.0,0.0,67,46.0,0.0,4
12920,2026-09-11,UMB,KKDE,67,0.0,0.0,73,35.0,5.0,4
12920,2026-09-11,KKDE,KUN,73,5.0,0.0,78,25.0,4.0,4
12920,2026-09-11,KUN,PNP,78,4.0,5.0,83,24.0,9.0,4
12920,2026-09-11,PNP,SNP,83,22.0,4.0,90,30.0,29.0,4
12920,2026-09-11,SNP,SZM,90,30.0,22.0,99,42.0,22.0,4
12920,2026-09-11,SZM,NDLS,99,22.0,30.0,101,39.0,4.0,4
12920,2026-09-11,BVH,PWL,111,92.0,92.0,113,28.0,83.0,4
12920,2026-09-11,PWL,KSV,113,85.0,92.0,118,28.0,87.0,4
12920,2026-09-11,KSV,MTJ,118,87.0,85.0,123,30.0,96.0,4
12920,2026-09-11,MTJ,AGC,123,97.0,87.0,131,37.0,102.0,4
12920,2026-09-11,AGC,DHO,131,101.0,97.0,135,58.0,88.0,4
12920,2026-09-11,DHO,MRA,135,88.0,101.0,139,37.0,73.0,4
12920,2026-09-11,MRA,GWL,139,74.0,88.0,145,30.0,80.0,4
12920,2026-09-11,GWL,DBA,145,90.0,74.0,151,42.0,91.0,4
12920,2026-09-11,DBA,DAA,151,91.0,90.0,154,26.0,92.0,4
12920,2026-09-11,DAA,VGLJ,154,92.0,91.0,156,37.0,78.0,4
12920,2026-09-11,VGLJ,BAB,156,78.0,92.0,159,32.0,80.0,4
12920,2026-09-11,BAB,LAR,159,80.0,78.0,168,44.0,82.0,4
12920,2026-09-11,LAR,BINA,168,83.0,80.0,175,69.0,58.0,4
12920,2026-09-11,BINA,BAQ,175,57.0,83.0,181,36.0,62.0,4
12920,2026-09-11,BAQ,BHS,181,62.0,57.0,186,27.0,63.0,4
12920,2026-09-11,BHS,NSZ,186,64.0,62.0,192,57.0,46.0,4
12920,2026-09-11,NSZ,BPL,192,52.0,64.0,193,15.0,49.0,4
12920,2026-09-11,BPL,SHRN,193,92.0,52.0,194,41.0,89.0,4
12920,2026-09-11,SHRN,SEH,194,90.0,92.0,198,12.0,107.0,4
12920,2026-09-11,SEH,KPP,198,112.0,90.0,202,27.0,108.0,4
12920,2026-09-11,KPP,SJP,202,109.0,112.0,204,13.0,108.0,4
12920,2026-09-11,SJP,AKD,204,108.0,109.0,206,15.0,107.0,4
12920,2026-09-11,AKD,BCH,206,108.0,108.0,210,27.0,105.0,4
12920,2026-09-11,BCH,MKC,210,106.0,108.0,212,29.0,100.0,4
12920,2026-09-11,MKC,UJN,212,101.0,106.0,217,51.0,100.0,4
12920,2026-09-11,UJN,DWX,217,132.0,101.0,223,70.0,117.0,4
12920,2026-09-11,DWX,INDB,223,120.0,132.0,229,65.0,90.0,4
12920,2026-09-11,INDB,DADN,229,98.0,120.0,235,50.0,80.0,4
12951,2026-08-20,BVI,ST,18,15.0,15.0,59,143.0,7.0,3
12951,2026-08-20,ST,BRC,59,11.0,15.0,83,83.0,12.0,3
12951,2026-08-20,BRC,RTM,83,14.0,11.0,119,199.0,7.0,3
12951,2026-08-20,RTM,NAD,119,11.0,14.0,124,43.0,2.0,3
12951,2026-08-20,NAD,KOTA,124,8.0,11.0,151,127.0,6.0,3
12951,2026-08-21,BVI,ST,18,14.0,14.0,59,143.0,6.0,4
12951,2026-08-21,ST,BRC,59,10.0,14.0,83,83.0,9.0,4
12951,2026-08-21,BRC,RTM,83,12.0,10.0,119,199.0,0.0,4
12951,2026-08-21,RTM,NAD,119,7.0,12.0,124,43.0,-3.0,4
12951,2026-08-21,NAD,KOTA,124,4.0,7.0,151,127.0,10.0,4
12951,2026-08-22,BVI,ST,18,16.0,16.0,59,143.0,8.0,5
12951,2026-08-22,ST,BRC,59,13.0,16.0,83,83.0,11.0,5
12951,2026-08-22,BRC,RTM,83,15.0,13.0,119,199.0,12.0,5
12951,2026-08-22,RTM,NAD,119,15.0,15.0,124,43.0,8.0,5
12951,2026-08-22,NAD,KOTA,124,14.0,15.0,151,127.0,11.0,5
12951,2026-08-23,BVI,ST,18,11.0,11.0,59,143.0,15.0,6
12951,2026-08-23,ST,BRC,59,20.0,11.0,83,83.0,29.0,6
12951,2026-08-23,BRC,RTM,83,32.0,20.0,119,199.0,29.0,6
12951,2026-08-23,RTM,NAD,119,34.0,32.0,124,43.0,24.0,6
12951,2026-08-23,NAD,KOTA,124,29.0,34.0,151,127.0,35.0,6
12951,2026-08-24,ST,BRC,59,9.0,9.0,83,83.0,14.0,0
12951,2026-08-24,BRC,RTM,83,15.0,9.0,119,199.0,5.0,0
12951,2026-08-24,RTM,NAD,119,10.0,15.0,124,43.0,1.0,0
12951,2026-08-24,NAD,KOTA,124,6.0,10.0,151,127.0,7.0,0
12951,2026-08-25,BVI,ST,18,16.0,16.0,59,143.0,4.0,1
12951,2026-08-25,ST,BRC,59,9.0,16.0,83,83.0,12.0,1
12951,2026-08-25,BRC,RTM,83,20.0,9.0,119,199.0,12.0,1
12951,2026-08-25,RTM,NAD,119,18.0,20.0,124,43.0,12.0,1
12951,2026-08-25,NAD,KOTA,124,17.0,18.0,151,127.0,19.0,1
12951,2026-08-26,BVI,ST,18,17.0,17.0,59,143.0,4.0,2
12951,2026-08-26,ST,BRC,59,7.0,17.0,83,83.0,11.0,2
12951,2026-08-26,BRC,RTM,83,14.0,7.0,119,199.0,1.0,2
12951,2026-08-26,RTM,NAD,119,8.0,14.0,124,43.0,1.0,2
12951,2026-08-26,NAD,KOTA,124,6.0,8.0,151,127.0,8.0,2
12951,2026-08-27,ST,BRC,59,4.0,4.0,83,83.0,10.0,3
12951,2026-08-27,BRC,RTM,83,17.0,4.0,119,199.0,9.0,3
12951,2026-08-27,RTM,NAD,119,16.0,17.0,124,43.0,8.0,3
12951,2026-08-27,NAD,KOTA,124,13.0,16.0,151,127.0,10.0,3
12951,2026-08-28,BVI,ST,18,18.0,18.0,59,143.0,12.0,4
12951,2026-08-28,ST,BRC,59,14.0,18.0,83,83.0,21.0,4
12951,2026-08-28,BRC,RTM,83,23.0,14.0,119,199.0,9.0,4
12951,2026-08-28,RTM,NAD,119,15.0,23.0,124,43.0,8.0,4
12951,2026-08-28,NAD,KOTA,124,13.0,15.0,151,127.0,7.0,4
12951,2026-08-29,BVI,ST,18,16.0,16.0,59,143.0,4.0,5
12951,2026-08-29,ST,BRC,59,8.0,16.0,83,83.0,10.0,5
12951,2026-08-29,BRC,RTM,83,14.0,8.0,119,199.0,6.0,5
12951,2026-08-29,RTM,NAD,119,14.0,14.0,124,43.0,3.0,5
12951,2026-08-29,NAD,KOTA,124,7.0,14.0,151,127.0,6.0,5
12951,2026-09-11,BVI,ST,19,17.0,1.0,60,143.0,8.0,4
12951,2026-09-11,ST,BRC,60,9.0,17.0,84,83.0,9.0,4
12951,2026-09-11,BRC,RTM,84,8.0,9.0,120,199.0,6.0,4
12951,2026-09-11,RTM,NAD,120,7.0,8.0,125,43.0,5.0,4
12951,2026-09-11,NAD,KOTA,125,5.0,7.0,152,127.0,9.0,4
12951,2026-09-11,KOTA,NDLS,152,11.0,5.0,215,317.0,3.0,4
12952,2026-08-20,KOTA,NAD,64,24.0,24.0,91,147.0,13.0,3
12952,2026-08-20,NAD,RTM,91,17.0,24.0,96,33.0,9.0,3
12952,2026-08-20,BRC,ST,132,2.0,2.0,156,93.0,2.0,3
12952,2026-08-20,ST,BVI,156,7.0,2.0,197,145.0,22.0,3
12952,2026-08-21,KOTA,NAD,64,12.0,12.0,91,147.0,4.0,4
12952,2026-08-21,NAD,RTM,91,7.0,12.0,96,33.0,7.0,4
12952,2026-08-21,BRC,ST,132,2.0,2.0,156,93.0,4.0,4
12952,2026-08-21,ST,BVI,156,2.0,2.0,197,145.0,21.0,4
12952,2026-08-22,KOTA,NAD,64,20.0,20.0,91,147.0,9.0,5
12952,2026-08-22,NAD,RTM,91,12.0,20.0,96,33.0,5.0,5
12952,2026-08-22,BRC,ST,132,4.0,4.0,156,93.0,-2.0,5
12952,2026-08-22,ST,BVI,156,3.0,4.0,197,145.0,12.0,5
12952,2026-08-22,BVI,MMCT,197,16.0,3.0,214,57.0,-9.0,5
12952,2026-08-23,KOTA,NAD,64,8.0,8.0,91,147.0,-2.0,6
12952,2026-08-23,NAD,RTM,91,3.0,8.0,96,33.0,5.0,6
12952,2026-08-23,BRC,ST,132,7.0,7.0,156,93.0,6.0,6
12952,2026-09-11,KOTA,NAD,64,71.0,51.0,91,147.0,68.0,4
12952,2026-09-11,NAD,RTM,91,68.0,71.0,96,33.0,74.0,4
12952,2026-09-11,RTM,BRC,96,75.0,68.0,132,190.0,67.0,4
12952,2026-09-11,BRC,ST,132,68.0,75.0,156,93.0,67.0,4
