train_number,sequence,station_code,station_name,day,scheduled_arrival,scheduled_departure
12919,1,INDB,INDORE JN BG,1,None,12:25:00
12919,2,LMNR,LAKSHMIBAI NAGAR,1,12:29:00,12:29:00
12919,3,MGG,MANGLIYA GAON,1,12:44:00,12:44:00
12919,4,BLAX,BARLAI,1,12:57:00,12:57:00
12919,5,DWX,DEWAS,1,13:15:00,13:17:00
12919,6,NRGR,NARANJIPUR,1,13:26:00,13:26:00
12919,7,UDM,UNDASA MADHAWPU,1,13:32:00,13:32:00
12919,8,KDHA,KARCHHA,1,13:37:00,13:37:00
12919,9,VRG,VIKRAMNAGAR,1,13:47:00,13:47:00
12919,10,UJN,UJJAIN JN,1,13:52:00,14:07:00
12919,11,PLW,PINGLESHWAR,1,14:15:00,14:15:00
12919,12,TJP,TAJPUR,1,14:18:00,14:18:00
12919,13,SVT,SHIVPURA,1,14:27:00,14:27:00
12919,14,TAN,TARANA ROAD,1,14:36:00,14:36:00
12919,15,MKC,MAKSI,1,14:45:00,14:46:00
12919,16,PUO,PIR UMROD,1,14:52:00,14:52:00
12919,17,BCH,BERCHHA,1,15:01:00,15:03:00
12919,18,KONY,KISONI,1,15:08:00,15:08:00
12919,19,KSH,KALI SINDH,1,15:13:00,15:13:00
12919,20,BLX,BOLAI,1,15:18:00,15:18:00
12919,21,AKD,AKODIA,1,15:27:00,15:29:00
12919,22,MQE,MOHAMMADKHERA,1,15:36:00,15:36:00
12919,23,SJP,SHUJALPUR,1,15:43:00,15:45:00
12919,24,CKOD,CHAKROD,1,15:50:00,15:50:00
12919,25,KPP,KALAPIPAL,1,15:54:00,15:56:00
12919,26,JBX,JABRI,1,16:06:00,16:06:00
12919,27,PRB,PARBATI,1,16:15:00,16:15:00
12919,28,BKTL,BAKTAL,1,16:17:00,16:17:00
12919,29,SEH,SEHORE,1,16:22:00,16:24:00
12919,30,PNWN,PACHWAN,1,16:30:00,16:30:00
12919,31,PUD,PHANDA,1,16:38:00,16:38:00
12919,32,BQE,BAKANIAN BHAUNR,1,16:48:00,16:48:00
12919,33,BIH,BAIRAGARH,1,16:58:00,17:00:00
12919,34,BPL,BHOPAL JN,1,17:25:00,17:45:00
12919,35,SUW,SUKHISEWANIYAN,1,17:53:00,17:53:00
12919,36,BVB,BHADBHADAGHAT,1,17:58:00,17:58:00
12919,37,DWG,DEWANGANJ,1,18:05:00,18:05:00
12919,38,SMT,SALAMATPUR,1,18:11:00,18:11:00
12919,39,SCI,SANCHI,1,18:16:00,18:16:00
12919,40,BHS,VIDISHA,1,18:23:00,18:25:00
12919,41,SORI,SORAI,1,18:27:00,18:27:00
12919,42,SUMR,SUMER,1,18:33:00,18:33:00
12919,43,GLG,GULABHGANJ,1,18:37:00,18:37:00
12919,44,PAI,PABAI,1,18:43:00,18:43:00
12919,45,BAQ,GANJ BASODA,1,18:48:00,18:50:00
12919,46,RKRI,RAO KHEDI,1,18:54:00,18:54:00
12919,47,BET,BARETH,1,19:02:00,19:02:00
12919,48,KAH,KALHAR,1,19:14:00,19:14:00
12919,49,MABA,MANDI BAMORA,1,19:24:00,19:24:00
12919,50,KIKA,KURWAI KETHORA,1,19:34:00,19:34:00
12919,51,BINA,BINA JN,1,19:45:00,19:50:00
12919,52,AGD,AGASOD,1,19:55:00,19:55:00
12919,53,KOA,KARONDA,1,20:03:00,20:03:00
12919,54,MXS,MOHASA,1,20:07:00,20:07:00
12919,55,DUA,DHAURA,1,20:13:00,20:13:00
12919,56,JLN,JAKHALAUN,1,20:21:00,20:21:00
12919,57,JRO,JIRON,1,20:25:00,20:25:00
12919,58,LAR,LALITPUR,1,20:32:00,20:34:00
12919,59,DWA,DAILWARA,1,20:42:00,20:42:00
12919,60,JHA,JAKHAURA,1,20:51:00,20:51:00
12919,61,BJA,BIJROTHA,1,20:58:00,20:58:00
12919,62,TBT,TALBAHAT,1,21:06:00,21:06:00
12919,63,MZX,MATATILA,1,21:11:00,21:11:00
12919,64,BZY,BASAI,1,21:17:00,21:17:00
12919,65,BPW,BURHPURA,1,21:22:00,21:22:00
12919,66,BAB,BABINA,1,21:27:00,21:27:00
12919,67,KHJ,KHAJRAHA,1,21:33:00,21:33:00
12919,68,BJI,BIJAULI,1,21:40:00,21:40:00
12919,69,JHS,JHANSI JN,1,21:47:00,21:57:00
12919,70,KRQ,KARARI,1,22:06:00,22:06:00
12919,71,DAA,DATIA,1,22:17:00,22:19:00
12919,72,SOR,SONAGIR,1,22:28:00,22:28:00
12919,73,KTRA,KOTRA,1,22:35:00,22:35:00
12919,74,DBA,DABRA,1,22:42:00,22:44:00
12919,75,SMTL,SIMARIATAL,1,22:54:00,22:54:00
12919,76,AEH,ANANT PAITH,1,23:04:00,23:04:00
12919,77,ARI,ANTRI,1,23:10:00,23:10:00
12919,78,STLI,SITHOULI,1,23:18:00,23:18:00
12919,79,GWL,GWALIOR JN,1,23:27:00,23:32:00
12919,80,BLNR,BIRLANAGAR,1,23:34:00,23:34:00
12919,81,RRU,RAYARU,1,23:40:00,23:40:00
12919,82,BAO,BANMOR,1,23:44:00,23:44:00
12919,83,NUB,NURABAD,1,23:48:00,23:48:00
12919,84,SANK,SANK,1,23:51:00,23:51:00
12919,85,MRA,MORENA,1,23:57:00,23:59:00
12919,86,SIKD,SIKRODA KWANRI,2,00:07:00,00:07:00
12919,87,HET,HETAMPUR,2,00:11:00,00:11:00
12919,88,DHO,DHAULPUR,2,00:22:00,00:24:00
12919,89,MIA,MANIA,2,00:37:00,00:37:00
12919,90,JJ,JAJAU,2,00:53:00,00:53:00
12919,91,BHA,BHANDAI,2,01:09:00,01:09:00
12919,92,AGC,AGRA CANTT,2,01:20:00,01:25:00
12919,93,RKM,RAJA KI MANDI,2,01:32:00,01:34:00
12919,94,BFP,BILOCHPURA AGRA,2,01:35:00,01:35:00
12919,95,RNKA,RUNKUTA,2,01:43:00,01:43:00
12919,96,KXM,KITHAM,2,01:50:00,01:50:00
12919,97,FHT,FARAH TOWN,2,01:58:00,01:58:00
12919,98,FAR,FARAH,2,02:00:00,02:00:00
12919,99,BAD,BAAD,2,02:07:00,02:07:00
12919,100,MTJ,MATHURA JN,2,02:15:00,02:18:00
12919,101,BTSR,BHUTESHWAR,2,02:20:00,02:20:00
12919,102,VRBD,VRINDABAN ROAD,2,02:25:00,02:25:00
12919,103,AJH,AJHAI,2,02:32:00,02:32:00
12919,104,CHJ,CHATA,2,02:39:00,02:39:00
12919,105,KSV,KOSI KALAN,2,02:46:00,02:48:00
12919,106,HDL,HODAL,2,03:02:00,03:02:00
12919,107,SHLK,SHOLAKA,2,03:15:00,03:15:00
12919,108,RDE,RUNDHI,2,03:27:00,03:27:00
12919,109,PWL,PALWAL,2,03:38:00,03:40:00
12919,110,AST,ASAOTI,2,03:50:00,03:50:00
12919,111,BVH,BALLABGARH,2,03:58:00,04:00:00
12919,112,FDN,FARIDABAD NEW TOWN,2,04:05:00,04:05:00
12919,113,FDB,FARIDABAD,2,04:11:00,04:13:00
12919,114,TKD,TUGLAKABAD,2,04:25:00,04:25:00
12919,115,OKA,OKHLA,2,04:31:00,04:31:00
12919,116,NZM,DELHI H NIZAMUDDIN,2,04:35:00,04:37:00
12919,117,PGMD,PRAGATI MAIDAN,2,04:44:00,04:44:00
12919,118,TKJ,TILAK BRIDGE,2,04:53:00,04:53:00
12919,119,CSB,SHIVAJI BRIDGE,2,04:57:00,04:57:00
12919,120,NDLS,NEW DELHI,2,05:00:00,05:20:00
12919,121,DSB,DELHI SADAR BAZAR,2,05:22:00,05:22:00
12919,122,SZM,SUBZI MANDI,2,05:25:00,05:25:00
12919,123,DAZ,DELHI AZADPUR,2,05:29:00,05:29:00
12919,124,NDAZ,NAYA AZADPUR,2,05:31:00,05:31:00
12919,125,ANDI,ADARSH NAGAR DELHI,2,05:32:00,05:32:00
12919,126,BHD,BADLI,2,05:36:00,05:36:00
12919,127,KHKN,KHERA KALAN,2,05:40:00,05:40:00
12919,128,HUK,HOLAMBI KALAN,2,05:44:00,05:44:00
12919,129,NUR,NARELA,2,05:50:00,05:50:00
12919,130,RDDE,RATHDHANA,2,05:57:00,05:57:00
12919,131,HNN,HARANA KALAN,2,06:03:00,06:03:00
12919,132,SNP,SONIPAT,2,06:09:00,06:11:00
12919,133,SLKN,SANDAL KALAN,2,06:18:00,06:18:00
12919,134,RUG,RAJLU GARHI,2,06:20:00,06:20:00
12919,135,GNU,GANAUR,2,06:24:00,06:24:00
12919,136,BDMJ,BHODWAL MAJRI,2,06:29:00,06:29:00
12919,137,SMK,SAMALKHA,2,06:34:00,06:34:00
12919,138,DWNA,DIWANA,2,06:42:00,06:42:00
12919,139,PNP,PANIPAT JN,2,06:48:00,06:50:00
12919,140,BBDE,BABARPUR,2,06:55:00,06:55:00
12919,141,KFU,KOHAND,2,06:59:00,06:59:00
12919,142,GRA,GHARAUNDA,2,07:03:00,07:03:00
12919,143,BZJT,BAZIDA JATAN,2,07:09:00,07:09:00
12919,144,KUN,KARNAL,2,07:17:00,07:19:00
12919,145,BZK,BHAINI KHURD,2,07:25:00,07:25:00
12919,146,TRR,TARAORI,2,07:30:00,07:30:00
12919,147,NLKR,NILOKHERI,2,07:33:00,07:33:00
12919,148,AMIN,AMIN,2,07:41:00,07:41:00
12919,149,KKDE,KURUKSHETRA JN,2,07:49:00,07:51:00
12919,150,DHKR,DHODA KHEDI,2,07:58:00,07:58:00
12919,151,DPP,DHIRPUR,2,08:05:00,08:05:00
12919,152,DHMZ,DHOLA MAZRA,2,08:12:00,08:12:00
12919,153,SHDM,SHAHBAD MARKNDA,2,08:20:00,08:20:00
12919,154,MOY,MOHRI,2,08:33:00,08:33:00
12919,155,UMB,AMBALA CANT JN,2,08:45:00,08:55:00
12919,156,UBC,AMBALA CITY,2,09:00:00,09:00:00
12919,157,SMU,SAMBHU,2,09:07:00,09:07:00
12919,158,RPJ,RAJPURA JN,2,09:15:00,09:15:00
12919,159,SBJ,SARAI BANJARA,2,09:22:00,09:22:00
12919,160,SDY,SADHOO GARH,2,09:26:00,09:26:00
12919,161,SIR,SIRHIND JN,2,09:33:00,09:33:00
12919,162,GVG,GOVINDGARH,2,09:40:00,09:40:00
12919,163,KNN,KHANNA,2,09:46:00,09:48:00
12919,164,CHA,CHAWAPALL,2,10:08:00,10:08:00
12919,165,DOA,DORAHA,2,10:13:00,10:13:00
12919,166,SNL,SANAHWAL,2,10:22:00,10:22:00
12919,167,DDL,DHANDARI KALAN,2,10:31:00,10:31:00
12919,168,LDH,LUDHIANA JN,2,10:40:00,11:00:00
12919,169,LDW,LADHOWAL,2,11:06:00,11:06:00
12919,170,PHR,PHILLAUR JN,2,11:09:00,11:09:00
12919,171,GRY,GORAYA,2,11:18:00,11:18:00
12919,172,BTTN,BHATIAN,2,11:22:00,11:22:00
12919,173,MLIH,MAULI HALT,2,11:31:00,11:31:00
12919,174,PGW,PHAGWARA JN,2,11:34:00,11:34:00
12919,175,CEU,CHIHERU,2,11:39:00,11:39:00
12919,176,JRC,JALANDHAR CANT,2,11:45:00,11:50:00
12919,177,SCPD,SUCHIPIND,2,11:55:00,11:55:00
12919,178,DRE,DHOGRI,2,12:02:00,12:02:00
12919,179,AWL,ALAWALPUR,2,12:04:00,12:04:00
12919,180,KKL,KALA BAKRA,2,12:10:00,12:10:00
12919,181,BPRS,BHOGPUR SIRWAL,2,12:18:00,12:18:00
12919,182,CGH,CHOLANG,2,12:24:00,12:24:00
12919,183,TDO,TANDA URMAR,2,12:30:00,12:30:00
12919,184,KZX,KHUDDA KORALA,2,12:36:00,12:36:00
12919,185,GSB,GARNA SAHIB,2,12:42:00,12:42:00
12919,186,DZA,DASUYA,2,12:45:00,12:47:00
12919,187,UCB,UNCHI BASSI,2,12:54:00,12:54:00
12919,188,MEX,MUKERIAN,2,13:04:00,13:06:00
12919,189,BNGL,BHANGALA,2,13:15:00,13:15:00
12919,190,CKKN,CHAK KALAN,2,13:25:00,13:25:00
12919,191,MRTL,MIRTHAL,2,13:29:00,13:29:00
12919,192,GILA,GHIALA,2,13:37:00,13:37:00
12919,193,KNDI,KANDRORI,2,13:42:00,13:42:00
12919,194,CHKB,CHAKKI BANK,2,13:55:00,14:00:00
12919,195,BHRL,BHAROLI JUNCTION,2,14:03:00,14:03:00
12919,196,SJNP,SUJANPUR,2,14:09:00,14:09:00
12919,197,MDPB,MADHOPUR PUNJAB,2,14:18:00,14:18:00
12919,198,KTHU,KATHUA,2,14:27:00,14:29:00
12919,199,BDHY,BUDHI,2,14:43:00,14:43:00
12919,200,CHNR,CHHAN ARORIAN,2,14:51:00,14:51:00
12919,201,CKDL,CHAKDAYALA,2,14:58:00,14:58:00
12919,202,HRNR,HIRA NAGAR,2,15:02:00,15:02:00
12919,203,GHGL,GHAGWAL,2,15:08:00,15:08:00
12919,204,SMBX,SAMBA,2,15:18:00,15:18:00
12919,205,VJPJ,VIJAYPUR JAMMU,2,15:31:00,15:31:00
12919,206,BBMN,BARI BRAHMAN,2,15:45:00,15:45:00
12919,207,JAT,JAMMU TAWI,2,15:55:00,None
12920,1,JAT,JAMMU TAWI,1,None,09:00:00
12920,2,BBMN,BARI BRAHMAN,1,09:07:00,09:07:00
12920,3,VJPJ,VIJAYPUR JAMMU,1,09:17:00,09:17:00
12920,4,SMBX,SAMBA,1,09:26:00,09:26:00
12920,5,GHGL,GHAGWAL,1,09:34:00,09:34:00
12920,6,HRNR,HIRA NAGAR,1,09:38:00,09:38:00
12920,7,CKDL,CHAKDAYALA,1,09:41:00,09:41:00
12920,8,CHNR,CHHAN ARORIAN,1,09:45:00,09:45:00
12920,9,BDHY,BUDHI,1,09:51:00,09:51:00
12920,10,KTHU,KATHUA,1,10:02:00,10:04:00
12920,11,MDPB,MADHOPUR PUNJAB,1,10:17:00,10:17:00
12920,12,SJNP,SUJANPUR,1,10:28:00,10:28:00
12920,13,BHRL,BHAROLI JUNCTION,1,10:36:00,10:36:00
12920,14,CHKB,CHAKKI BANK,1,10:40:00,10:45:00
12920,15,KNDI,KANDRORI,1,10:53:00,10:53:00
12920,16,GILA,GHIALA,1,10:56:00,10:56:00
12920,17,MRTL,MIRTHAL,1,11:02:00,11:02:00
12920,18,CKKN,CHAK KALAN,1,11:05:00,11:05:00
12920,19,BNGL,BHANGALA,1,11:11:00,11:11:00
12920,20,MEX,MUKERIAN,1,11:18:00,11:20:00
12920,21,UCB,UNCHI BASSI,1,11:31:00,11:31:00
12920,22,DZA,DASUYA,1,11:37:00,11:39:00
12920,23,GSB,GARNA SAHIB,1,11:42:00,11:42:00
12920,24,KZX,KHUDDA KORALA,1,11:49:00,11:49:00
12920,25,TDO,TANDA URMAR,1,11:55:00,11:55:00
12920,26,CGH,CHOLANG,1,12:01:00,12:01:00
12920,27,BPRS,BHOGPUR SIRWAL,1,12:08:00,12:08:00
12920,28,KKL,KALA BAKRA,1,12:17:00,12:17:00
12920,29,AWL,ALAWALPUR,1,12:23:00,12:23:00
12920,30,DRE,DHOGRI,1,12:25:00,12:25:00
12920,31,SCPD,SUCHIPIND,1,12:33:00,12:33:00
12920,32,JRC,JALANDHAR CANT,1,12:38:00,12:43:00
12920,33,CEU,CHIHERU,1,12:51:00,12:51:00
12920,34,PGW,PHAGWARA JN,1,12:58:00,12:58:00
12920,35,MLIH,MAULI HALT,1,13:01:00,13:01:00
12920,36,BTTN,BHATIAN,1,13:12:00,13:12:00
12920,37,GRY,GORAYA,1,13:17:00,13:17:00
12920,38,PHR,PHILLAUR JN,1,13:29:00,13:29:00
12920,39,LDW,LADHOWAL,1,13:30:00,13:30:00
12920,40,LDH,LUDHIANA JN,1,13:30:00,13:50:00
12920,41,DDL,DHANDARI KALAN,1,13:56:00,13:56:00
12920,42,SNL,SANAHWAL,1,14:03:00,14:03:00
12920,43,DOA,DORAHA,1,14:09:00,14:09:00
12920,44,CHA,CHAWAPALL,1,14:12:00,14:12:00
12920,45,KNN,KHANNA,1,14:25:00,14:27:00
12920,46,GVG,GOVINDGARH,1,14:35:00,14:35:00
12920,47,SIR,SIRHIND JN,1,14:44:00,14:44:00
12920,48,SDY,SADHOO GARH,1,14:53:00,14:53:00
12920,49,SBJ,SARAI BANJARA,1,14:59:00,14:59:00
12920,50,RPJ,RAJPURA JN,1,15:08:00,15:08:00
12920,51,SMU,SAMBHU,1,15:19:00,15:19:00
12920,52,UBC,AMBALA CITY,1,15:28:00,15:28:00
12920,53,UMB,AMBALA CANT JN,1,15:35:00,15:40:00
12920,54,MOY,MOHRI,1,15:48:00,15:48:00
12920,55,SHDM,SHAHBAD MARKNDA,1,15:56:00,15:56:00
12920,56,DHMZ,DHOLA MAZRA,1,16:00:00,16:00:00
12920,57,DPP,DHIRPUR,1,16:05:00,16:05:00
12920,58,DHKR,DHODA KHEDI,1,16:10:00,16:10:00
12920,59,KKDE,KURUKSHETRA JN,1,16:14:00,16:14:00
12920,60,AMIN,AMIN,1,16:20:00,16:20:00
12920,61,NLKR,NILOKHERI,1,16:27:00,16:27:00
12920,62,TRR,TARAORI,1,16:30:00,16:30:00
12920,63,BZK,BHAINI KHURD,1,16:35:00,16:35:00
12920,64,KUN,KARNAL,1,16:40:00,16:42:00
12920,65,BZJT,BAZIDA JATAN,1,16:50:00,16:50:00
12920,66,GRA,GHARAUNDA,1,16:57:00,16:57:00
12920,67,KFU,KOHAND,1,17:02:00,17:02:00
12920,68,BBDE,BABARPUR,1,17:06:00,17:06:00
12920,69,PNP,PANIPAT JN,1,17:12:00,17:14:00
12920,70,DWNA,DIWANA,1,17:20:00,17:20:00
12920,71,SMK,SAMALKHA,1,17:27:00,17:27:00
12920,72,BDMJ,BHODWAL MAJRI,1,17:32:00,17:32:00
12920,73,GNU,GANAUR,1,17:36:00,17:36:00
12920,74,RUG,RAJLU GARHI,1,17:40:00,17:40:00
12920,75,SLKN,SANDAL KALAN,1,17:42:00,17:42:00
12920,76,SNP,SONIPAT,1,17:48:00,17:50:00
12920,77,HNN,HARANA KALAN,1,17:56:00,17:56:00
12920,78,RDDE,RATHDHANA,1,18:01:00,18:01:00
12920,79,NUR,NARELA,1,18:08:00,18:08:00
12920,80,HUK,HOLAMBI KALAN,1,18:14:00,18:14:00
12920,81,KHKN,KHERA KALAN,1,18:18:00,18:18:00
12920,82,BHD,BADLI,1,18:22:00,18:22:00
12920,83,ANDI,ADARSH NAGAR DELHI,1,18:26:00,18:26:00
12920,84,NDAZ,NAYA AZADPUR,1,18:27:00,18:27:00
12920,85,DAZ,DELHI AZADPUR,1,18:29:00,18:29:00
12920,86,SZM,SUBZI MANDI,1,18:34:00,18:36:00
12920,87,DSB,DELHI SADAR BAZAR,1,18:49:00,18:49:00
12920,88,NDLS,NEW DELHI,1,19:00:00,19:20:00
12920,89,CSB,SHIVAJI BRIDGE,1,19:21:00,19:21:00
12920,90,TKJ,TILAK BRIDGE,1,19:23:00,19:23:00
12920,91,PGMD,PRAGATI MAIDAN,1,19:25:00,19:25:00
12920,92,NZM,DELHI H NIZAMUDDIN,1,19:27:00,19:27:00
12920,93,OKA,OKHLA,1,19:31:00,19:31:00
12920,94,TKD,TUGLAKABAD,1,19:37:00,19:37:00
12920,95,FDB,FARIDABAD,1,19:48:00,19:50:00
12920,96,FDN,FARIDABAD NEW TOWN,1,19:55:00,19:55:00
12920,97,BVH,BALLABGARH,1,20:00:00,20:02:00
12920,98,AST,ASAOTI,1,20:15:00,20:15:00
12920,99,PWL,PALWAL,1,20:30:00,20:32:00
12920,100,RDE,RUNDHI,1,20:39:00,20:39:00
12920,101,SHLK,SHOLAKA,1,20:46:00,20:46:00
12920,102,HDL,HODAL,1,20:54:00,20:54:00
12920,103,KSV,KOSI KALAN,1,21:02:00,21:04:00
12920,104,CHJ,CHATA,1,21:14:00,21:14:00
12920,105,AJH,AJHAI,1,21:24:00,21:24:00
12920,106,VRBD,VRINDABAN ROAD,1,21:35:00,21:35:00
12920,107,BTSR,BHUTESHWAR,1,21:43:00,21:43:00
12920,108,MTJ,MATHURA JN,1,21:45:00,21:48:00
12920,109,BAD,BAAD,1,21:58:00,21:58:00
12920,110,FAR,FARAH,1,22:06:00,22:06:00
12920,111,FHT,FARAH TOWN,1,22:08:00,22:08:00
12920,112,KXM,KITHAM,1,22:17:00,22:17:00
12920,113,RNKA,RUNKUTA,1,22:26:00,22:26:00
12920,114,BFP,BILOCHPURA AGRA,1,22:34:00,22:34:00
12920,115,RKM,RAJA KI MANDI,1,22:36:00,22:36:00
12920,116,AGC,AGRA CANTT,1,22:40:00,22:50:00
12920,117,BHA,BHANDAI,1,22:57:00,22:57:00
12920,118,JJ,JAJAU,1,23:07:00,23:07:00
12920,119,MIA,MANIA,1,23:17:00,23:17:00
12920,120,DHO,DHAULPUR,1,23:25:00,23:27:00
12920,121,HET,HETAMPUR,1,23:38:00,23:38:00
12920,122,SIKD,SIKRODA KWANRI,1,23:42:00,23:42:00
12920,123,MRA,MORENA,1,23:50:00,23:52:00
12920,124,SANK,SANK,2,00:04:00,00:04:00
12920,125,NUB,NURABAD,2,00:09:00,00:09:00
12920,126,BAO,BANMOR,2,00:17:00,00:17:00
12920,127,RRU,RAYARU,2,00:25:00,00:25:00
12920,128,BLNR,BIRLANAGAR,2,00:38:00,00:38:00
12920,129,GWL,GWALIOR JN,2,00:42:00,00:47:00
12920,130,STLI,SITHOULI,2,00:54:00,00:54:00
12920,131,ARI,ANTRI,2,01:00:00,01:00:00
12920,132,AEH,ANANT PAITH,2,01:05:00,01:05:00
12920,133,SMTL,SIMARIATAL,2,01:14:00,01:14:00
12920,134,DBA,DABRA,2,01:22:00,01:24:00
12920,135,KTRA,KOTRA,2,01:32:00,01:32:00
12920,136,SOR,SONAGIR,2,01:40:00,01:40:00
12920,137,DAA,DATIA,2,01:50:00,01:52:00
12920,138,KRQ,KARARI,2,02:21:00,02:21:00
12920,139,JHS,JHANSI JN,2,02:45:00,02:55:00
12920,140,BJI,BIJAULI,2,03:01:00,03:01:00
12920,141,KHJ,KHAJRAHA,2,03:07:00,03:07:00
12920,142,BAB,BABINA,2,03:13:00,03:13:00
12920,143,BPW,BURHPURA,2,03:16:00,03:16:00
12920,144,BZY,BASAI,2,03:21:00,03:21:00
12920,145,MZX,MATATILA,2,03:27:00,03:27:00
12920,146,TBT,TALBAHAT,2,03:30:00,03:30:00
12920,147,BJA,BIJROTHA,2,03:38:00,03:38:00
12920,148,JHA,JAKHAURA,2,03:44:00,03:44:00
12920,149,DWA,DAILWARA,2,03:51:00,03:51:00
12920,150,LAR,LALITPUR,2,03:58:00,04:00:00
12920,151,JRO,JIRON,2,04:12:00,04:12:00
12920,152,JLN,JAKHALAUN,2,04:22:00,04:22:00
12920,153,DUA,DHAURA,2,04:37:00,04:37:00
12920,154,MXS,MOHASA,2,04:48:00,04:48:00
12920,155,KOA,KARONDA,2,04:56:00,04:56:00
12920,156,AGD,AGASOD,2,05:11:00,05:11:00
12920,157,BINA,BINA JN,2,05:20:00,05:25:00
12920,158,KIKA,KURWAI KETHORA,2,05:31:00,05:31:00
12920,159,MABA,MANDI BAMORA,2,05:36:00,05:36:00
12920,160,KAH,KALHAR,2,05:41:00,05:41:00
12920,161,BET,BARETH,2,05:47:00,05:47:00
12920,162,RKRI,RAO KHEDI,2,05:51:00,05:51:00
12920,163,BAQ,GANJ BASODA,2,05:53:00,05:55:00
12920,164,PAI,PABAI,2,06:02:00,06:02:00
12920,165,GLG,GULABHGANJ,2,06:10:00,06:10:00
12920,166,SUMR,SUMER,2,06:17:00,06:17:00
12920,167,SORI,SORAI,2,06:25:00,06:25:00
12920,168,BHS,VIDISHA,2,06:28:00,06:30:00
12920,169,SCI,SANCHI,2,06:40:00,06:40:00
12920,170,SMT,SALAMATPUR,2,06:47:00,06:47:00
12920,171,DWG,DEWANGANJ,2,06:56:00,06:56:00
12920,172,BVB,BHADBHADAGHAT,2,07:05:00,07:05:00
12920,173,SUW,SUKHISEWANIYAN,2,07:13:00,07:13:00
12920,174,BPL,BHOPAL JN,2,07:25:00,07:50:00
12920,175,BIH,BAIRAGARH,2,08:01:00,08:03:00
12920,176,BQE,BAKANIAN BHAUNR,2,08:10:00,08:10:00
12920,177,PUD,PHANDA,2,08:18:00,08:18:00
12920,178,PNWN,PACHWAN,2,08:24:00,08:24:00
12920,179,SEH,SEHORE,2,08:28:00,08:30:00
12920,180,BKTL,BAKTAL,2,08:36:00,08:36:00
12920,181,PRB,PARBATI,2,08:38:00,08:38:00
12920,182,JBX,JABRI,2,08:49:00,08:49:00
12920,183,KPP,KALAPIPAL,2,09:00:00,09:02:00
12920,184,CKOD,CHAKROD,2,09:07:00,09:07:00
12920,185,SJP,SHUJALPUR,2,09:12:00,09:14:00
12920,186,MQE,MOHAMMADKHERA,2,09:21:00,09:21:00
12920,187,AKD,AKODIA,2,09:28:00,09:30:00
12920,188,BLX,BOLAI,2,09:39:00,09:39:00
12920,189,KSH,KALI SINDH,2,09:44:00,09:44:00
12920,190,KONY,KISONI,2,09:48:00,09:48:00
12920,191,BCH,BERCHHA,2,09:53:00,09:55:00
12920,192,PUO,PIR UMROD,2,10:08:00,10:08:00
12920,193,MKC,MAKSI,2,10:17:00,10:18:00
12920,194,TAN,TARANA ROAD,2,10:30:00,10:30:00
12920,195,SVT,SHIVPURA,2,10:43:00,10:43:00
12920,196,TJP,TAJPUR,2,10:54:00,10:54:00
12920,197,PLW,PINGLESHWAR,2,10:59:00,10:59:00
12920,198,UJN,UJJAIN JN,2,11:10:00,11:25:00
12920,199,VRG,VIKRAMNAGAR,2,11:30:00,11:30:00
12920,200,KDHA,KARCHHA,2,11:41:00,11:41:00
12920,201,UDM,UNDASA MADHAWPU,2,11:46:00,11:46:00
12920,202,NRGR,NARANJIPUR,2,11:52:00,11:52:00
12920,203,DWX,DEWAS,2,12:01:00,12:03:00
12920,204,BLAX,BARLAI,2,12:20:00,12:20:00
12920,205,MGG,MANGLIYA GAON,2,12:32:00,12:32:00
12920,206,LMNR,LAKSHMIBAI NAGAR,2,12:46:00,12:46:00
12920,207,INDB,INDORE JN BG,2,12:50:00,None
12951,1,BCT,Mumbai Central,1,None,16:40:00
12951,2,MX,Mumbai Mahalakshmi,1,16:41:00,16:41:00
12951,3,PL,Mumbai Lower Parel,1,16:42:00,16:42:00
12951,4,EPR,Mumbai Elphinstone Road,1,16:43:00,16:43:00
12951,5,DDR,MUMBAI DADAR WEST,1,16:44:00,16:44:00
12951,6,MRU,MUMBAI MATUNGA ROAD,1,16:45:00,16:45:00
12951,7,MM,MUMBAI MAHIM JN,1,16:46:00,16:46:00
12951,8,BA,BANDRA,1,16:47:00,16:47:00
12951,9,BDTS,MUMBAI BANDRA TERMINUS,1,16:47:00,16:47:00
12951,10,KHAR,KHAR,1,16:48:00,16:48:00
12951,11,STC,SANTA CRUZ,1,16:49:00,16:49:00
12951,12,VLP,VILE PARLE,1,16:50:00,16:50:00
12951,13,ADH,ANDHERI,1,16:52:00,16:52:00
12951,14,JOS,JOGESHWARI,1,16:53:00,16:53:00
12951,15,GMN,GOREGAON,1,16:55:00,16:55:00
12951,16,MDD,MALAD,1,16:57:00,16:57:00
12951,17,KILE,KANDIVLI,1,16:58:00,16:58:00
12951,18,BVI,BORIVALI,1,17:00:00,17:00:00
12951,19,DIC,DAHISAR,1,17:02:00,17:02:00
12951,20,MIRA,MIRA ROAD,1,17:04:00,17:04:00
12951,21,BYR,BHAYANDAR,1,17:06:00,17:06:00
12951,22,NIG,NAIGAON,1,17:09:00,17:09:00
12951,23,BSR,VASAI ROAD,1,17:12:00,17:12:00
12951,24,NSP,NALLA SOPARA,1,17:15:00,17:15:00
12951,25,VR,VIRAR,1,17:18:00,17:18:00
12951,26,VTN,VAITARNA,1,17:24:00,17:24:00
12951,27,SAH,SAPHALE,1,17:29:00,17:29:00
12951,28,KLV,KELVA ROAD,1,17:33:00,17:33:00
12951,29,PLG,PALGHAR,1,17:39:00,17:39:00
12951,30,UOI,UMROLI,1,17:43:00,17:43:00
12951,31,BOR,BOISAR,1,17:47:00,17:47:00
12951,32,VGN,VANGAON,1,17:53:00,17:53:00
12951,33,DRD,DAHANU ROAD,1,18:01:00,18:01:00
12951,34,GVD,GHOLVAD,1,18:09:00,18:09:00
12951,35,BRRD,BORDI ROAD,1,18:12:00,18:12:00
12951,36,UBR,UMBARGAM ROAD,1,18:15:00,18:15:00
12951,37,SJN,SANJAN,1,18:19:00,18:19:00
12951,38,BLD,BHILAD,1,18:27:00,18:27:00
12951,39,KEB,KARAMBELI,1,18:30:00,18:30:00
12951,40,VAPI,VAPI,1,18:34:00,18:34:00
12951,41,UVD,UDVADA,1,18:41:00,18:41:00
12951,42,PAD,PARDI,1,18:45:00,18:45:00
12951,43,ATUL,ATUL,1,18:48:00,18:48:00
12951,44,BL,VALSAD,1,18:52:00,18:52:00
12951,45,DGI,DUNGRI,1,18:58:00,18:58:00
12951,46,JRS,JORAVASAN,1,19:02:00,19:02:00
12951,47,BIM,BILIMORA JN,1,19:04:00,19:04:00
12951,48,AML,AMALSAD,1,19:08:00,19:08:00
12951,49,ACL,ANCHELI,1,19:11:00,19:11:00
12951,50,VDH,VEDCHHA,1,19:13:00,19:13:00
12951,51,NVS,NAVSARI,1,19:19:00,19:19:00
12951,52,MRL,MAROLI,1,19:24:00,19:24:00
12951,53,SCH,SACHIN,1,19:29:00,19:29:00
12951,54,BHET,BHESTAN,1,19:33:00,19:33:00
12951,55,UDN,UDHNA JN,1,19:36:00,19:36:00
12951,56,ST,SURAT,1,19:37:00,19:40:00
12951,57,URN,UTRAN,1,19:43:00,19:43:00
12951,58,KSE,KOSAD,1,19:45:00,19:45:00
12951,59,GTX,GOTHANGAM,1,19:47:00,19:47:00
12951,60,SYN,SAYAN,1,19:49:00,19:49:00
12951,61,KDSD,KUDSAD,1,19:54:00,19:54:00
12951,62,KIM,KIM,1,19:56:00,19:56:00
12951,63,KSB,KOSAMBA JN,1,20:01:00,20:01:00
12951,64,HAT,HATHURAN,1,20:04:00,20:04:00
12951,65,PAO,PANOLI,1,20:09:00,20:09:00
12951,66,AKV,ANKLESHWAR JN,1,20:14:00,20:14:00
12951,67,BH,BHARUCH JN,1,20:20:00,20:20:00
12951,68,CVJ,CHAVAJ,1,20:23:00,20:23:00
12951,69,NIU,NABIPUR,1,20:28:00,20:28:00
12951,70,VRE,VAREDIYA,1,20:33:00,20:33:00
12951,71,PLJ,PALEJ,1,20:37:00,20:37:00
12951,72,LKD,LAKODARA,1,20:42:00,20:42:00
12951,73,MYGL,MIYAGAM KARJAN JUNCTION NG,1,20:47:00,20:47:00
12951,74,MYG,MIYAGAM KARJAN,1,20:47:00,20:47:00
12951,75,KSPR,KASHIPURA SARAR,1,20:53:00,20:53:00
12951,76,ITA,ITOLA,1,20:55:00,20:55:00
12951,77,VRM,VARNAMA,1,20:58:00,20:58:00
12951,78,MPR,MAKARPURA,1,21:02:00,21:02:00
12951,79,VS,VISHVAMITRI,1,21:05:00,21:05:00
12951,80,BRC,VADODARA JN,1,21:06:00,21:22:00
12951,81,CYI,CHHAYAPURI,1,21:29:00,21:29:00
12951,82,PIO,PILOL,1,21:30:00,21:30:00
12951,83,AIR,ALINDRA ROAD,1,21:38:00,21:38:00
12951,84,SMLA,SAMLAYA JN,1,21:42:00,21:42:00
12951,85,LAN,LOTANA,1,21:49:00,21:49:00
12951,86,CPN,CHAMPANER RD JN,1,21:51:00,21:51:00
12951,87,BKRL,BAKROL,1,21:56:00,21:56:00
12951,88,DRL,DEROL,1,22:01:00,22:01:00
12951,89,KRSA,KHARSALIYA,1,22:10:00,22:10:00
12951,90,GDA,GODHRA JN,1,22:19:00,22:19:00
12951,91,KIZ,KANSUDHI,1,22:22:00,22:22:00
12951,92,CCL,CHANCHELAV,1,22:27:00,22:27:00
12951,93,SAT,SANT ROAD,1,22:34:00,22:34:00
12951,94,PPD,PIPLOD JN,1,22:43:00,22:43:00
12951,95,LMK,LIMKHEDA,1,22:49:00,22:49:00
12951,96,MAM,MANGAL MAHUDI,1,22:56:00,22:56:00
12951,97,USRA,USRA,1,23:01:00,23:01:00
12951,98,JKT,JEKOT,1,23:05:00,23:05:00
12951,99,RET,RENTIA,1,23:10:00,23:10:00
12951,100,DHD,DAHOD,1,23:13:00,23:13:00
12951,101,BIO,BORDI,1,23:22:00,23:22:00
12951,102,ANAS,ANAS,1,23:28:00,23:28:00
12951,103,MGN,MEGHNAGAR,1,23:39:00,23:39:00
12951,104,THDR,THANDLA RD,1,23:45:00,23:45:00
12951,105,BJG,BAJRANGARH,1,23:50:00,23:50:00
12951,106,PCN,PANCH PIPILA,1,23:56:00,23:56:00
12951,107,AGR,AMARGARH,2,00:01:00,00:01:00
12951,108,BMI,BAMNIA,2,00:06:00,00:06:00
12951,109,BOG,BHAIRONGARH,2,00:20:00,00:20:00
12951,110,RTI,RAOTI,2,00:24:00,00:24:00
12951,111,BILD,BILDI,2,00:25:00,00:25:00
12951,112,MRN,MORWANI,2,00:34:00,00:34:00
12951,113,RTM,RATLAM JN,2,00:40:00,00:43:00
12951,114,BOD,BANGROD,2,00:49:00,00:49:00
12951,115,RNH,RUNKHERA,2,00:53:00,00:53:00
12951,116,KUH,KHACHROD,2,00:59:00,00:59:00
12951,117,BRNA,BERAWANYA,2,01:03:00,01:03:00
12951,118,NAD,NAGDA JN,2,01:08:00,01:08:00
12951,119,RLK,ROHAL KHURD,2,01:14:00,01:14:00
12951,120,MEP,MAHIDPUR ROAD,2,01:18:00,01:18:00
12951,121,LNR,LUNI RICHHA,2,01:24:00,01:24:00
12951,122,VMA,VIKRAMGARH ALOT,2,01:32:00,01:32:00
12951,123,THUR,THURIA,2,01:36:00,01:36:00
12951,124,TLZ,TALAVLI,2,01:42:00,01:42:00
12951,125,CMU,CHAU MAHLA,2,01:45:00,01:45:00
12951,126,NKH,NATHUKHERI,2,01:51:00,01:51:00
12951,127,SVA,SUWASRA,2,01:54:00,01:54:00
12951,128,SGZ,SHAMGARH,2,02:02:00,02:02:00
12951,129,GOH,GAROT,2,02:14:00,02:14:00
12951,130,KRLS,KURLAS,2,02:15:00,02:15:00
12951,131,BWM,BHAWANI MANDI,2,02:22:00,02:22:00
12951,132,DKRA,DHUANKHERI,2,02:28:00,02:28:00
12951,133,JHW,JHALAWAR ROAD,2,02:32:00,02:32:00
12951,134,RMA,RAMGANJ MANDI,2,02:39:00,02:39:00
12951,135,MKX,MORAK,2,02:44:00,02:44:00
12951,136,KIW,KANWALPURA,2,02:48:00,02:48:00
12951,137,DARA,DARA,2,02:53:00,02:53:00
12951,138,RDT,RAVTHA ROAD,2,03:01:00,03:01:00
12951,139,DKQ,DHANI KASAR,2,03:05:00,03:05:00
12951,140,ALNI,ALNIYA,2,03:08:00,03:08:00
12951,141,DDV,DADHDEVI,2,03:11:00,03:11:00
12951,142,DKNT,DAKANIYA TALAV,2,03:16:00,03:16:00
12951,143,KOTA,KOTA JN,2,03:20:00,03:30:00
12951,144,GQL,GURLA,2,03:34:00,03:34:00
12951,145,KPTN,KESHORAI PATAN,2,03:39:00,03:39:00
12951,146,ARE,ARNETHA,2,03:44:00,03:44:00
12951,147,KPZ,KAPREN,2,03:52:00,03:52:00
12951,148,GKB,GHATAKA VARANA,2,03:59:00,03:59:00
12951,149,LBN,LABAN,2,04:05:00,04:05:00
12951,150,LKE,LAKHERI,2,04:10:00,04:10:00
12951,151,IDG,INDARGARH,2,04:17:00,04:17:00
12951,152,AMLI,AMLI,2,04:25:00,04:25:00
12951,153,RWJ,RAWANIA DUNGAR,2,04:30:00,04:30:00
12951,154,KTA,KUSHTALA,2,04:36:00,04:36:00
12951,155,SWM,SAWAI MADHOPUR,2,04:40:00,04:40:00
12951,156,RNT,RANTHAMBHORE,2,04:47:00,04:47:00
12951,157,MXL,MOKHOLI,2,04:53:00,04:53:00
12951,158,MLZ,MALARNA,2,05:00:00,05:00:00
12951,159,NMD,NOMODA,2,05:05:00,05:05:00
12951,160,NNW,NARAYANPUR TATWAR,2,05:11:00,05:11:00
12951,161,LRU,LALPUR UMRI,2,05:18:00,05:18:00
12951,162,GGC,GANGAPUR CITY,2,05:22:00,05:22:00
12951,163,COO,CHHOTI ODAI,2,05:30:00,05:30:00
12951,164,PDZ,PILIODA,2,05:36:00,05:36:00
12951,165,KNDP,KHANDIP,2,05:40:00,05:40:00
12951,166,SMBJ,SHRI MAHABIRJI,2,05:44:00,05:44:00
12951,167,HAN,HINDAUN CITY,2,05:51:00,05:51:00
12951,168,DNHK,DHINDHORA HKMKD,2,05:57:00,05:57:00
12951,169,FSP,FATEH SINGHPURA,2,06:00:00,06:00:00
12951,170,DY,DUMARIYA,2,06:07:00,06:07:00
12951,171,BXN,BAYANA JN,2,06:13:00,06:13:00
12951,172,KEV,KELA DEVI,2,06:20:00,06:20:00
12951,173,PNGR,PINGORA,2,06:26:00,06:26:00
12951,174,JCU,JAICHOLI,2,06:30:00,06:30:00
12951,175,SWAR,SEWAR,2,06:34:00,06:34:00
12951,176,BTE,BHARATPUR JN,2,06:40:00,06:40:00
12951,177,DUM,DHAURMUI JAGHNA,2,06:45:00,06:45:00
12951,178,RKR,RANIKUND RARAH,2,06:48:00,06:48:00
12951,179,JJA,JAJAN PATTI,2,06:51:00,06:51:00
12951,180,CRG,CHURAMAN NAGRI,2,06:55:00,06:55:00
12951,181,MSRP,MURHESI RAMPUR,2,06:56:00,06:56:00
12951,182,MTJ,MATHURA JN,2,07:02:00,07:02:00
12951,183,BTSR,BHUTESHWAR,2,07:04:00,07:04:00
12951,184,VRBD,VRINDABAN ROAD,2,07:09:00,07:09:00
12951,185,AJH,AJHAI,2,07:16:00,07:16:00
12951,186,CHJ,CHATA,2,07:22:00,07:22:00
12951,187,KSV,KOSI KALAN,2,07:29:00,07:29:00
12951,188,HDL,HODAL,2,07:37:00,07:37:00
12951,189,SHLK,SHOLAKA,2,07:44:00,07:44:00
12951,190,RDE,RUNDHI,2,07:51:00,07:51:00
12951,191,PWL,PALWAL,2,07:57:00,07:57:00
12951,192,AST,ASAOTI,2,08:04:00,08:04:00
12951,193,BVH,BALLABGARH,2,08:11:00,08:11:00
12951,194,FDN,FARIDABAD NEW TOWN,2,08:13:00,08:13:00
12951,195,FDB,FARIDABAD,2,08:16:00,08:16:00
12951,196,TKD,TUGLAKABAD,2,08:23:00,08:23:00
12951,197,OKA,OKHLA,2,08:27:00,08:27:00
12951,198,NZM,DELHI H NIZAMUDDIN,2,08:29:00,08:29:00
12951,199,PGMD,PRAGATI MAIDAN,2,08:30:00,08:30:00
12951,200,TKJ,TILAK BRIDGE,2,08:30:00,08:30:00
12951,201,CSB,SHIVAJI BRIDGE,2,08:30:00,08:30:00
12951,202,NDLS,NEW DELHI,2,08:30:00,None
12952,1,NDLS,NEW DELHI,1,None,16:30:00
12952,2,CSB,SHIVAJI BRIDGE,1,16:31:00,16:31:00
12952,3,TKJ,TILAK BRIDGE,1,16:31:00,16:31:00
12952,4,PGMD,PRAGATI MAIDAN,1,16:33:00,16:33:00
12952,5,NZM,DELHI H NIZAMUDDIN,1,16:34:00,16:34:00
12952,6,OKA,OKHLA,1,16:36:00,16:36:00
12952,7,TKD,TUGLAKABAD,1,16:40:00,16:40:00
12952,8,FDB,FARIDABAD,1,16:46:00,16:46:00
12952,9,FDN,FARIDABAD NEW TOWN,1,16:48:00,16:48:00
12952,10,BVH,BALLABGARH,1,16:51:00,16:51:00
12952,11,AST,ASAOTI,1,16:56:00,16:56:00
12952,12,PWL,PALWAL,1,17:03:00,17:03:00
12952,13,RDE,RUNDHI,1,17:08:00,17:08:00
12952,14,SHLK,SHOLAKA,1,17:14:00,17:14:00
12952,15,HDL,HODAL,1,17:20:00,17:20:00
12952,16,KSV,KOSI KALAN,1,17:27:00,17:27:00
12952,17,CHJ,CHATA,1,17:33:00,17:33:00
12952,18,AJH,AJHAI,1,17:39:00,17:39:00
12952,19,VRBD,VRINDABAN ROAD,1,17:45:00,17:45:00
12952,20,BTSR,BHUTESHWAR,1,17:49:00,17:49:00
12952,21,MTJ,MATHURA JN,1,17:51:00,17:51:00
12952,22,MSRP,MURHESI RAMPUR,1,17:56:00,17:56:00
12952,23,CRG,CHURAMAN NAGRI,1,17:57:00,17:57:00
12952,24,JJA,JAJAN PATTI,1,18:01:00,18:01:00
12952,25,RKR,RANIKUND RARAH,1,18:03:00,18:03:00
12952,26,DUM,DHAURMUI JAGHNA,1,18:05:00,18:05:00
12952,27,BTE,BHARATPUR JN,1,18:10:00,18:10:00
12952,28,SWAR,SEWAR,1,18:16:00,18:16:00
12952,29,JCU,JAICHOLI,1,18:19:00,18:19:00
12952,30,PNGR,PINGORA,1,18:22:00,18:22:00
12952,31,KEV,KELA DEVI,1,18:27:00,18:27:00
12952,32,BXN,BAYANA JN,1,18:34:00,18:34:00
12952,33,DY,DUMARIYA,1,18:39:00,18:39:00
12952,34,FSP,FATEH SINGHPURA,1,18:45:00,18:45:00
12952,35,DNHK,DHINDHORA HKMKD,1,18:48:00,18:48:00
12952,36,HAN,HINDAUN CITY,1,18:53:00,18:53:00
12952,37,SMBJ,SHRI MAHABIRJI,1,18:59:00,18:59:00
12952,38,KNDP,KHANDIP,1,19:03:00,19:03:00
12952,39,PDZ,PILIODA,1,19:06:00,19:06:00
12952,40,COO,CHHOTI ODAI,1,19:11:00,19:11:00
12952,41,GGC,GANGAPUR CITY,1,19:18:00,19:18:00
12952,42,LRU,LALPUR UMRI,1,19:22:00,19:22:00
12952,43,NNW,NARAYANPUR TATWAR,1,19:28:00,19:28:00
12952,44,NMD,NOMODA,1,19:33:00,19:33:00
12952,45,MLZ,MALARNA,1,19:37:00,19:37:00
12952,46,MXL,MOKHOLI,1,19:43:00,19:43:00
12952,47,RNT,RANTHAMBHORE,1,19:49:00,19:49:00
12952,48,SWM,SAWAI MADHOPUR,1,19:54:00,19:54:00
12952,49,KTA,KUSHTALA,1,19:58:00,19:58:00
12952,50,RWJ,RAWANIA DUNGAR,1,20:03:00,20:03:00
12952,51,AMLI,AMLI,1,20:08:00,20:08:00
12952,52,IDG,INDARGARH,1,20:15:00,20:15:00
12952,53,LKE,LAKHERI,1,20:21:00,20:21:00
12952,54,LBN,LABAN,1,20:26:00,20:26:00
12952,55,GKB,GHATAKA VARANA,1,20:31:00,20:31:00
12952,56,KPZ,KAPREN,1,20:37:00,20:37:00
12952,57,ARE,ARNETHA,1,20:44:00,20:44:00
12952,58,KPTN,KESHORAI PATAN,1,20:48:00,20:48:00
12952,59,GQL,GURLA,1,20:53:00,20:53:00
12952,60,KOTA,KOTA JN,1,20:55:00,21:05:00
12952,61,DKNT,DAKANIYA TALAV,1,21:11:00,21:11:00
12952,62,DDV,DADHDEVI,1,21:17:00,21:17:00
12952,63,ALNI,ALNIYA,1,21:19:00,21:19:00
12952,64,DKQ,DHANI KASAR,1,21:23:00,21:23:00
12952,65,RDT,RAVTHA ROAD,1,21:27:00,21:27:00
12952,66,DARA,DARA,1,21:36:00,21:36:00
12952,67,KIW,KANWALPURA,1,21:41:00,21:41:00
12952,68,MKX,MORAK,1,21:45:00,21:45:00
12952,69,RMA,RAMGANJ MANDI,1,21:51:00,21:51:00
12952,70,JHW,JHALAWAR ROAD,1,21:59:00,21:59:00
12952,71,DKRA,DHUANKHERI,1,22:03:00,22:03:00
12952,72,BWM,BHAWANI MANDI,1,22:09:00,22:09:00
12952,73,KRLS,KURLAS,1,22:16:00,22:16:00
12952,74,GOH,GAROT,1,22:18:00,22:18:00
12952,75,SGZ,SHAMGARH,1,22:31:00,22:31:00
12952,76,SVA,SUWASRA,1,22:40:00,22:40:00
12952,77,NKH,NATHUKHERI,1,22:43:00,22:43:00
12952,78,CMU,CHAU MAHLA,1,22:49:00,22:49:00
12952,79,TLZ,TALAVLI,1,22:53:00,22:53:00
12952,80,THUR,THURIA,1,22:59:00,22:59:00
12952,81,VMA,VIKRAMGARH ALOT,1,23:03:00,23:03:00
12952,82,LNR,LUNI RICHHA,1,23:12:00,23:12:00
12952,83,MEP,MAHIDPUR ROAD,1,23:19:00,23:19:00
12952,84,RLK,ROHAL KHURD,1,23:23:00,23:23:00
12952,85,NAD,NAGDA JN,1,23:30:00,23:30:00
12952,86,BRNA,BERAWANYA,1,23:35:00,23:35:00
12952,87,KUH,KHACHROD,1,23:39:00,23:39:00
12952,88,RNH,RUNKHERA,1,23:45:00,23:45:00
12952,89,BOD,BANGROD,1,23:50:00,23:50:00
12952,90,RTM,RATLAM JN,1,23:56:00,23:59:00
12952,91,MRN,MORWANI,2,00:05:00,00:05:00
12952,92,BILD,BILDI,2,00:14:00,00:14:00
12952,93,RTI,RAOTI,2,00:16:00,00:16:00
12952,94,BOG,BHAIRONGARH,2,00:20:00,00:20:00
12952,95,BMI,BAMNIA,2,00:34:00,00:34:00
12952,96,AGR,AMARGARH,2,00:39:00,00:39:00
12952,97,PCN,PANCH PIPILA,2,00:45:00,00:45:00
12952,98,BJG,BAJRANGARH,2,00:50:00,00:50:00
12952,99,THDR,THANDLA RD,2,00:56:00,00:56:00
12952,100,MGN,MEGHNAGAR,2,01:02:00,01:02:00
12952,101,ANAS,ANAS,2,01:13:00,01:13:00
12952,102,BIO,BORDI,2,01:19:00,01:19:00
12952,103,DHD,DAHOD,2,01:28:00,01:28:00
12952,104,RET,RENTIA,2,01:32:00,01:32:00
12952,105,JKT,JEKOT,2,01:36:00,01:36:00
12952,106,USRA,USRA,2,01:40:00,01:40:00
12952,107,MAM,MANGAL MAHUDI,2,01:45:00,01:45:00
12952,108,LMK,LIMKHEDA,2,01:52:00,01:52:00
12952,109,PPD,PIPLOD JN,2,01:59:00,01:59:00
12952,110,SAT,SANT ROAD,2,02:08:00,02:08:00
12952,111,CCL,CHANCHELAV,2,02:15:00,02:15:00
12952,112,KIZ,KANSUDHI,2,02:20:00,02:20:00
12952,113,GDA,GODHRA JN,2,02:24:00,02:24:00
12952,114,KRSA,KHARSALIYA,2,02:32:00,02:32:00
12952,115,DRL,DEROL,2,02:42:00,02:42:00
12952,116,BKRL,BAKROL,2,02:47:00,02:47:00
12952,117,CPN,CHAMPANER RD JN,2,02:52:00,02:52:00
12952,118,LAN,LOTANA,2,02:54:00,02:54:00
12952,119,SMLA,SAMLAYA JN,2,03:01:00,03:01:00
12952,120,AIR,ALINDRA ROAD,2,03:05:00,03:05:00
12952,121,PIO,PILOL,2,03:13:00,03:13:00
12952,122,CYI,CHHAYAPURI,2,03:14:00,03:14:00
12952,123,BRC,VADODARA JN,2,03:24:00,03:40:00
12952,124,VS,VISHVAMITRI,2,03:42:00,03:42:00
12952,125,MPR,MAKARPURA,2,03:46:00,03:46:00
12952,126,VRM,VARNAMA,2,03:50:00,03:50:00
12952,127,ITA,ITOLA,2,03:53:00,03:53:00
12952,128,KSPR,KASHIPURA SARAR,2,03:56:00,03:56:00
12952,129,MYG,MIYAGAM KARJAN,2,04:01:00,04:01:00
12952,130,MYGL,MIYAGAM KARJAN JUNCTION NG,2,04:01:00,04:01:00
12952,131,LKD,LAKODARA,2,04:07:00,04:07:00
12952,132,PLJ,PALEJ,2,04:12:00,04:12:00
12952,133,VRE,VAREDIYA,2,04:16:00,04:16:00
12952,134,NIU,NABIPUR,2,04:21:00,04:21:00
12952,135,CVJ,CHAVAJ,2,04:26:00,04:26:00
12952,136,BH,BHARUCH JN,2,04:30:00,04:30:00
12952,137,AKV,ANKLESHWAR JN,2,04:36:00,04:36:00
12952,138,PAO,PANOLI,2,04:41:00,04:41:00
12952,139,HAT,HATHURAN,2,04:46:00,04:46:00
12952,140,KSB,KOSAMBA JN,2,04:49:00,04:49:00
12952,141,KIM,KIM,2,04:55:00,04:55:00
12952,142,KDSD,KUDSAD,2,04:57:00,04:57:00
12952,143,SYN,SAYAN,2,05:02:00,05:02:00
12952,144,GTX,GOTHANGAM,2,05:04:00,05:04:00
12952,145,KSE,KOSAD,2,05:07:00,05:07:00
12952,146,URN,UTRAN,2,05:09:00,05:09:00
12952,147,ST,SURAT,2,05:11:00,05:14:00
12952,148,UDN,UDHNA JN,2,05:17:00,05:17:00
12952,149,BHET,BHESTAN,2,05:21:00,05:21:00
12952,150,SCH,SACHIN,2,05:25:00,05:25:00
12952,151,MRL,MAROLI,2,05:30:00,05:30:00
12952,152,NVS,NAVSARI,2,05:37:00,05:37:00
12952,153,VDH,VEDCHHA,2,05:43:00,05:43:00
12952,154,ACL,ANCHELI,2,05:46:00,05:46:00
12952,155,AML,AMALSAD,2,05:49:00,05:49:00
12952,156,BIM,BILIMORA JN,2,05:53:00,05:53:00
12952,157,JRS,JORAVASAN,2,05:56:00,05:56:00
12952,158,DGI,DUNGRI,2,06:00:00,06:00:00
12952,159,BL,VALSAD,2,06:07:00,06:07:00
12952,160,ATUL,ATUL,2,06:12:00,06:12:00
12952,161,PAD,PARDI,2,06:15:00,06:15:00
12952,162,UVD,UDVADA,2,06:19:00,06:19:00
12952,163,VAPI,VAPI,2,06:27:00,06:27:00
12952,164,KEB,KARAMBELI,2,06:32:00,06:32:00
12952,165,BLD,BHILAD,2,06:35:00,06:35:00
12952,166,SJN,SANJAN,2,06:44:00,06:44:00
12952,167,UBR,UMBARGAM ROAD,2,06:48:00,06:48:00
12952,168,BRRD,BORDI ROAD,2,06:52:00,06:52:00
12952,169,GVD,GHOLVAD,2,06:56:00,06:56:00
12952,170,DRD,DAHANU ROAD,2,07:04:00,07:04:00
12952,171,VGN,VANGAON,2,07:14:00,07:14:00
12952,172,BOR,BOISAR,2,07:21:00,07:21:00
12952,173,UOI,UMROLI,2,07:24:00,07:24:00
12952,174,PLG,PALGHAR,2,07:29:00,07:29:00
12952,175,KLV,KELVA ROAD,2,07:36:00,07:36:00
12952,176,SAH,SAPHALE,2,07:41:00,07:41:00
12952,177,VTN,VAITARNA,2,07:47:00,07:47:00
12952,178,VR,VIRAR,2,07:53:00,07:53:00
12952,179,NSP,NALLA SOPARA,2,07:56:00,07:56:00
12952,180,BSR,VASAI ROAD,2,08:00:00,08:00:00
12952,181,NIG,NAIGAON,2,08:03:00,08:03:00
12952,182,BYR,BHAYANDAR,2,08:06:00,08:06:00
12952,183,MIRA,MIRA ROAD,2,08:09:00,08:09:00
12952,184,DIC,DAHISAR,2,08:11:00,08:11:00
12952,185,BVI,BORIVALI,2,08:13:00,08:13:00
12952,186,KILE,KANDIVLI,2,08:15:00,08:15:00
12952,187,MDD,MALAD,2,08:17:00,08:17:00
12952,188,GMN,GOREGAON,2,08:19:00,08:19:00
12952,189,JOS,JOGESHWARI,2,08:21:00,08:21:00
12952,190,ADH,ANDHERI,2,08:23:00,08:23:00
12952,191,VLP,VILE PARLE,2,08:24:00,08:24:00
12952,192,STC,SANTA CRUZ,2,08:26:00,08:26:00
12952,193,KHAR,KHAR,2,08:27:00,08:27:00
12952,194,BDTS,MUMBAI BANDRA TERMINUS,2,08:27:00,08:27:00
12952,195,BA,BANDRA,2,08:28:00,08:28:00
12952,196,MM,MUMBAI MAHIM JN,2,08:29:00,08:29:00
12952,197,MRU,MUMBAI MATUNGA ROAD,2,08:30:00,08:30:00
12952,198,DDR,MUMBAI DADAR WEST,2,08:31:00,08:31:00
12952,199,EPR,Mumbai Elphinstone Road,2,08:32:00,08:32:00
12952,200,PL,Mumbai Lower Parel,2,08:34:00,08:34:00
12952,201,MX,Mumbai Mahalakshmi,2,08:35:00,08:35:00
12952,202,BCT,Mumbai Central,2,08:35:00,None
12002,1,NDLS,NEW DELHI,1,None,06:15:00
12002,2,CSB,SHIVAJI BRIDGE,1,06:16:00,06:16:00
12002,3,TKJ,TILAK BRIDGE,1,06:16:00,06:16:00
12002,4,PGMD,PRAGATI MAIDAN,1,06:18:00,06:18:00
12002,5,NZM,DELHI H NIZAMUDDIN,1,06:19:00,06:19:00
12002,6,OKA,OKHLA,1,06:21:00,06:21:00
12002,7,TKD,TUGLAKABAD,1,06:24:00,06:24:00
12002,8,FDB,FARIDABAD,1,06:31:00,06:31:00
12002,9,FDN,FARIDABAD NEW TOWN,1,06:33:00,06:33:00
12002,10,BVH,BALLABGARH,1,06:35:00,06:35:00
12002,11,AST,ASAOTI,1,06:40:00,06:40:00
12002,12,PWL,PALWAL,1,06:47:00,06:47:00
12002,13,RDE,RUNDHI,1,06:52:00,06:52:00
12002,14,SHLK,SHOLAKA,1,06:58:00,06:58:00
12002,15,HDL,HODAL,1,07:03:00,07:03:00
12002,16,KSV,KOSI KALAN,1,07:10:00,07:10:00
12002,17,CHJ,CHATA,1,07:16:00,07:16:00
12002,18,AJH,AJHAI,1,07:21:00,07:21:00
12002,19,VRBD,VRINDABAN ROAD,1,07:27:00,07:27:00
12002,20,BTSR,BHUTESHWAR,1,07:31:00,07:31:00
12002,21,MTJ,MATHURA JN,1,07:32:00,07:34:00
12002,22,BAD,BAAD,1,07:41:00,07:41:00
12002,23,FAR,FARAH,1,07:47:00,07:47:00
12002,24,FHT,FARAH TOWN,1,07:49:00,07:49:00
12002,25,KXM,KITHAM,1,07:55:00,07:55:00
12002,26,RNKA,RUNKUTA,1,08:02:00,08:02:00
12002,27,BFP,BILOCHPURA AGRA,1,08:08:00,08:08:00
12002,28,RKM,RAJA KI MANDI,1,08:09:00,08:09:00
12002,29,AGC,AGRA CANTT,1,08:12:00,08:17:00
12002,30,BHA,BHANDAI,1,08:23:00,08:23:00
12002,31,JJ,JAJAU,1,08:31:00,08:31:00
12002,32,MIA,MANIA,1,08:39:00,08:39:00
12002,33,DHO,DHAULPUR,1,08:46:00,08:46:00
12002,34,HET,HETAMPUR,1,08:52:00,08:52:00
12002,35,SIKD,SIKRODA KWANRI,1,08:55:00,08:55:00
12002,36,MRA,MORENA,1,09:00:00,09:02:00
12002,37,SANK,SANK,1,09:11:00,09:11:00
12002,38,NUB,NURABAD,1,09:14:00,09:14:00
12002,39,BAO,BANMOR,1,09:19:00,09:19:00
12002,40,RRU,RAYARU,1,09:24:00,09:24:00
12002,41,BLNR,BIRLANAGAR,1,09:33:00,09:33:00
12002,42,GWL,GWALIOR JN,1,09:35:00,09:38:00
12002,43,STLI,SITHOULI,1,09:44:00,09:44:00
12002,44,ARI,ANTRI,1,09:50:00,09:50:00
12002,45,AEH,ANANT PAITH,1,09:54:00,09:54:00
12002,46,SMTL,SIMARIATAL,1,10:02:00,10:02:00
12002,47,DBA,DABRA,1,10:09:00,10:09:00
12002,48,KTRA,KOTRA,1,10:16:00,10:16:00
12002,49,SOR,SONAGIR,1,10:23:00,10:23:00
12002,50,DAA,DATIA,1,10:31:00,10:31:00
12002,51,KRQ,KARARI,1,10:41:00,10:41:00
12002,52,JHS,JHANSI JN,1,10:48:00,10:56:00
12002,53,BJI,BIJAULI,1,11:02:00,11:02:00
12002,54,KHJ,KHAJRAHA,1,11:07:00,11:07:00
12002,55,BAB,BABINA,1,11:13:00,11:13:00
12002,56,BPW,BURHPURA,1,11:16:00,11:16:00
12002,57,BZY,BASAI,1,11:21:00,11:21:00
12002,58,MZX,MATATILA,1,11:26:00,11:26:00
12002,59,TBT,TALBAHAT,1,11:29:00,11:29:00
12002,60,BJA,BIJROTHA,1,11:36:00,11:36:00
12002,61,JHA,JAKHAURA,1,11:42:00,11:42:00
12002,62,DWA,DAILWARA,1,11:48:00,11:48:00
12002,63,LAR,LALITPUR,1,11:55:00,11:55:00
12002,64,JRO,JIRON,1,12:02:00,12:02:00
12002,65,JLN,JAKHALAUN,1,12:06:00,12:06:00
12002,66,DUA,DHAURA,1,12:14:00,12:14:00
12002,67,MXS,MOHASA,1,12:20:00,12:20:00
12002,68,KOA,KARONDA,1,12:24:00,12:24:00
12002,69,AGD,AGASOD,1,12:31:00,12:31:00
12002,70,BINA,BINA JN,1,12:37:00,12:37:00
12002,71,KIKA,KURWAI KETHORA,1,12:43:00,12:43:00
12002,72,MABA,MANDI BAMORA,1,12:48:00,12:48:00
12002,73,KAH,KALHAR,1,12:54:00,12:54:00
12002,74,BET,BARETH,1,13:00:00,13:00:00
12002,75,RKRI,RAO KHEDI,1,13:04:00,13:04:00
12002,76,BAQ,GANJ BASODA,1,13:07:00,13:07:00
12002,77,PAI,PABAI,1,13:12:00,13:12:00
12002,78,GLG,GULABHGANJ,1,13:19:00,13:19:00
12002,79,SUMR,SUMER,1,13:23:00,13:23:00
12002,80,SORI,SORAI,1,13:30:00,13:30:00
12002,81,BHS,VIDISHA,1,13:32:00,13:32:00
12002,82,SCI,SANCHI,1,13:38:00,13:38:00
12002,83,SMT,SALAMATPUR,1,13:43:00,13:43:00
12002,84,DWG,DEWANGANJ,1,13:49:00,13:49:00
12002,85,BVB,BHADBHADAGHAT,1,13:55:00,13:55:00
12002,86,SUW,SUKHISEWANIYAN,1,14:00:00,14:00:00
12002,87,BPL,BHOPAL JN,1,14:05:00,None
