train_number,journey_date,station_sequence,station_code,station_name,scheduled_arrival,actual_arrival,scheduled_departure,actual_departure,arrival_delay,departure_delay
12002,2026-09-11,1.0,NDLS,New Delhi,,,2026-09-11T06:00:00+05:30,2026-09-11T06:00:00+05:30,,0.0
12002,2026-09-11,23.0,MTJ,Mathura Jn,2026-09-11T07:19:00+05:30,2026-09-11T07:34:00+05:30,2026-09-11T07:20:00+05:30,2026-09-11T07:37:00+05:30,15.0,17.0
12002,2026-09-11,31.0,AGC,Agra Cantt,2026-09-11T07:50:00+05:30,2026-09-11T08:10:00+05:30,2026-09-11T07:55:00+05:30,2026-09-11T08:15:00+05:30,20.0,20.0
12002,2026-09-11,35.0,DHO,Dhaulpur,2026-09-11T08:39:00+05:30,2026-09-11T08:49:00+05:30,2026-09-11T08:40:00+05:30,2026-09-11T08:51:00+05:30,10.0,11.0
12002,2026-09-11,39.0,MRA,Morena,2026-09-11T08:57:00+05:30,2026-09-11T09:11:00+05:30,2026-09-11T08:58:00+05:30,2026-09-11T09:12:00+05:30,14.0,14.0
12002,2026-09-11,45.0,GWL,Gwalior Jn,2026-09-11T09:23:00+05:30,2026-09-11T09:40:00+05:30,2026-09-11T09:28:00+05:30,2026-09-11T09:45:00+05:30,17.0,17.0
12002,2026-09-11,56.0,VGLJ,Veerangana Lakshmibai Jhansi,2026-09-11T10:45:00+05:30,2026-09-11T10:54:00+05:30,2026-09-11T10:50:00+05:30,2026-09-11T11:00:00+05:30,9.0,10.0
12002,2026-09-11,68.0,LAR,Lalitpur,2026-09-11T11:42:00+05:30,2026-09-11T12:22:00+05:30,2026-09-11T11:43:00+05:30,2026-09-11T12:28:00+05:30,40.0,45.0
12002,2026-09-11,75.0,BINA,Bina Jn,2026-09-11T12:40:00+05:30,2026-09-11T13:12:00+05:30,2026-09-11T12:42:00+05:30,2026-09-11T13:15:00+05:30,32.0,33.0
12002,2026-09-11,93.0,BPL,Bhopal Jn,2026-09-11T14:12:00+05:30,2026-09-11T14:43:00+05:30,2026-09-11T14:15:00+05:30,2026-09-11T14:50:00+05:30,31.0,35.0
12002,2026-09-11,94.0,RKMP,Rani Kamalapati,2026-09-11T14:40:00+05:30,2026-09-11T15:02:00+05:30,,,22.0,
12919,2026-09-06,1.0,DADN,Dr. Ambedkar Nagar,,,2026-09-06T11:50:00+05:30,2026-09-06T11:50:00+05:30,,0.0
12919,2026-09-06,7.0,INDB,Indore Jn,2026-09-06T12:05:00+05:30,2026-09-06T12:11:00+05:30,2026-09-06T12:15:00+05:30,2026-09-06T12:20:00+05:30,6.0,5.0
12919,2026-09-06,13.0,DWX,Dewas,2026-09-06T12:51:00+05:30,2026-09-06T12:52:00+05:30,2026-09-06T12:53:00+05:30,2026-09-06T12:55:00+05:30,1.0,2.0
12919,2026-09-06,19.0,UJN,Ujjain Jn,2026-09-06T13:45:00+05:30,2026-09-06T13:34:00+05:30,2026-09-06T14:00:00+05:30,2026-09-06T14:05:00+05:30,-11.0,5.0
12919,2026-09-06,24.0,MKC,Maksi,2026-09-06T14:35:00+05:30,2026-09-06T14:36:00+05:30,2026-09-06T14:36:00+05:30,2026-09-06T14:37:00+05:30,1.0,1.0
12919,2026-09-06,26.0,BCH,Berchha,2026-09-06T14:51:00+05:30,2026-09-06T14:53:00+05:30,2026-09-06T14:53:00+05:30,2026-09-06T14:55:00+05:30,2.0,2.0
12919,2026-09-06,30.0,AKD,Akodia,2026-09-06T15:19:00+05:30,2026-09-06T15:17:00+05:30,2026-09-06T15:20:00+05:30,2026-09-06T15:20:00+05:30,-2.0,0.0
12919,2026-09-06,32.0,SJP,Shujalpur,2026-09-06T15:32:00+05:30,2026-09-06T15:33:00+05:30,2026-09-06T15:34:00+05:30,2026-09-06T15:35:00+05:30,1.0,1.0
12919,2026-09-06,34.0,KPP,Kalapipal,2026-09-06T15:47:00+05:30,2026-09-06T15:47:00+05:30,2026-09-06T15:48:00+05:30,2026-09-06T15:49:00+05:30,0.0,1.0
12919,2026-09-06,38.0,SEH,Sehore,2026-09-06T16:10:00+05:30,2026-09-06T16:12:00+05:30,2026-09-06T16:11:00+05:30,2026-09-06T16:15:00+05:30,2.0,4.0
12919,2026-09-06,42.0,SHRN,Sant Hirdaram Nagar Jn,2026-09-06T16:53:00+05:30,2026-09-06T16:44:00+05:30,2026-09-06T16:55:00+05:30,2026-09-06T16:56:00+05:30,-9.0,1.0
12919,2026-09-06,43.0,BPL,Bhopal Jn,2026-09-06T17:20:00+05:30,2026-09-06T17:36:00+05:30,2026-09-06T17:30:00+05:30,2026-09-06T17:58:00+05:30,16.0,28.0
12919,2026-09-06,44.0,NSZ,Nishatpura,2026-09-06T17:42:00+05:30,2026-09-06T18:08:00+05:30,2026-09-06T17:44:00+05:30,2026-09-06T18:11:00+05:30,26.0,27.0
12919,2026-09-06,50.0,BHS,Vidisha,2026-09-06T18:05:00+05:30,2026-09-06T18:48:00+05:30,2026-09-06T18:07:00+05:30,2026-09-06T18:50:00+05:30,43.0,43.0
12919,2026-09-06,55.0,BAQ,Ganj Basoda,2026-09-06T18:31:00+05:30,2026-09-06T19:20:00+05:30,2026-09-06T18:33:00+05:30,2026-09-06T19:22:00+05:30,49.0,49.0
12919,2026-09-06,61.0,BINA,Bina Jn,2026-09-06T19:30:00+05:30,2026-09-06T20:13:00+05:30,2026-09-06T19:35:00+05:30,2026-09-06T20:38:00+05:30,43.0,63.0
12919,2026-09-06,68.0,LAR,Lalitpur,2026-09-06T20:14:00+05:30,2026-09-06T21:33:00+05:30,2026-09-06T20:16:00+05:30,2026-09-06T21:38:00+05:30,79.0,82.0
12919,2026-09-06,77.0,BAB,Babina,2026-09-06T20:54:00+05:30,2026-09-06T22:20:00+05:30,2026-09-06T20:56:00+05:30,2026-09-06T22:22:00+05:30,86.0,86.0
12919,2026-09-06,80.0,VGLJ,Veerangana Lakshmibai Jhansi,2026-09-06T21:30:00+05:30,2026-09-06T22:45:00+05:30,2026-09-06T21:38:00+05:30,2026-09-06T22:54:00+05:30,75.0,76.0
12919,2026-09-06,82.0,DAA,Datia,2026-09-06T21:59:00+05:30,2026-09-06T23:19:00+05:30,2026-09-06T22:01:00+05:30,2026-09-06T23:36:00+05:30,80.0,95.0
12919,2026-09-06,85.0,DBA,Dabra,2026-09-06T22:22:00+05:30,2026-09-06T23:58:00+05:30,2026-09-06T22:24:00+05:30,2026-09-07T00:01:00+05:30,96.0,97.0
12919,2026-09-06,91.0,GWL,Gwalior Jn,2026-09-06T22:54:00+05:30,2026-09-07T00:33:00+05:30,2026-09-06T22:56:00+05:30,2026-09-07T00:36:00+05:30,99.0,100.0
12919,2026-09-06,97.0,MRA,Morena,2026-09-06T23:25:00+05:30,2026-09-07T01:01:00+05:30,2026-09-06T23:27:00+05:30,2026-09-07T01:03:00+05:30,96.0,96.0
12919,2026-09-06,101.0,DHO,Dhaulpur,2026-09-07T00:08:00+05:30,2026-09-07T01:26:00+05:30,2026-09-07T00:10:00+05:30,2026-09-07T01:29:00+05:30,78.0,79.0
12919,2026-09-06,105.0,AGC,Agra Cantt,2026-09-07T00:40:00+05:30,2026-09-07T02:14:00+05:30,2026-09-07T00:45:00+05:30,2026-09-07T02:20:00+05:30,94.0,95.0
12919,2026-09-06,113.0,MTJ,Mathura Jn,2026-09-07T01:23:00+05:30,2026-09-07T03:10:00+05:30,2026-09-07T01:25:00+05:30,2026-09-07T03:13:00+05:30,107.0,108.0
12919,2026-09-06,118.0,KSV,Kosi Kalan,2026-09-07T01:52:00+05:30,2026-09-07T03:42:00+05:30,2026-09-07T01:54:00+05:30,2026-09-07T03:54:00+05:30,110.0,120.0
12919,2026-09-06,123.0,PWL,Palwal,2026-09-07T02:58:00+05:30,2026-09-07T05:00:00+05:30,2026-09-07T03:00:00+05:30,2026-09-07T05:11:00+05:30,122.0,131.0
12919,2026-09-06,125.0,BVH,Ballabgarh,2026-09-07T03:16:00+05:30,2026-09-07T05:30:00+05:30,2026-09-07T03:18:00+05:30,2026-09-07T05:32:00+05:30,134.0,134.0
12919,2026-09-06,127.0,FDB,Faridabad,2026-09-07T03:27:00+05:30,,2026-09-07T03:29:00+05:30,,,
12919,2026-09-06,131.0,NZM,Hazrat Nizamuddin Jn,2026-09-07T03:48:00+05:30,2026-09-07T06:32:00+05:30,2026-09-07T03:50:00+05:30,2026-09-07T06:34:00+05:30,164.0,164.0
12919,2026-09-06,135.0,NDLS,New Delhi,2026-09-07T04:15:00+05:30,2026-09-07T07:04:00+05:30,2026-09-07T04:30:00+05:30,2026-09-07T07:23:00+05:30,169.0,173.0
12919,2026-09-06,146.0,SNP,Sonipat,2026-09-07T05:10:00+05:30,2026-09-07T08:16:00+05:30,2026-09-07T05:12:00+05:30,2026-09-07T08:17:00+05:30,186.0,185.0
12919,2026-09-06,153.0,PNP,Panipat Jn,2026-09-07T05:40:00+05:30,2026-09-07T09:18:00+05:30,2026-09-07T05:42:00+05:30,2026-09-07T09:21:00+05:30,218.0,219.0
12919,2026-09-06,158.0,KUN,Karnal,2026-09-07T06:04:00+05:30,2026-09-07T09:41:00+05:30,2026-09-07T06:06:00+05:30,2026-09-07T09:43:00+05:30,217.0,217.0
12919,2026-09-06,163.0,KKDE,Kurukshetra Jn,2026-09-07T06:30:00+05:30,2026-09-07T10:19:00+05:30,2026-09-07T06:32:00+05:30,2026-09-07T10:51:00+05:30,229.0,259.0
12919,2026-09-06,169.0,UMB,Ambala Cantt Jn,2026-09-07T07:30:00+05:30,2026-09-07T11:31:00+05:30,2026-09-07T07:35:00+05:30,2026-09-07T11:39:00+05:30,241.0,244.0
12919,2026-09-06,175.0,SIR,Sirhind Jn,2026-09-07T08:08:00+05:30,2026-09-07T12:20:00+05:30,2026-09-07T08:10:00+05:30,2026-09-07T12:22:00+05:30,252.0,252.0
12919,2026-09-06,177.0,KNN,Khanna,2026-09-07T08:25:00+05:30,2026-09-07T12:45:00+05:30,2026-09-07T08:27:00+05:30,2026-09-07T12:46:00+05:30,260.0,259.0
12919,2026-09-06,184.0,LDH,Ludhiana Jn,2026-09-07T09:40:00+05:30,2026-09-07T13:28:00+05:30,2026-09-07T09:50:00+05:30,2026-09-07T13:37:00+05:30,228.0,227.0
12919,2026-09-06,191.0,JRC,Jalandhar Cantt Jn,2026-09-07T10:33:00+05:30,2026-09-07T14:26:00+05:30,2026-09-07T10:36:00+05:30,2026-09-07T14:29:00+05:30,233.0,233.0
12919,2026-09-06,204.0,DZA,Dasua,2026-09-07T11:41:00+05:30,2026-09-07T15:15:00+05:30,2026-09-07T11:43:00+05:30,2026-09-07T15:17:00+05:30,214.0,214.0
12919,2026-09-06,207.0,MEX,Mukerian,2026-09-07T11:58:00+05:30,2026-09-07T15:34:00+05:30,2026-09-07T12:00:00+05:30,2026-09-07T15:36:00+05:30,216.0,216.0
12919,2026-09-06,214.0,PTKC,Pathankot Cantt,2026-09-07T12:27:00+05:30,2026-09-07T16:10:00+05:30,2026-09-07T12:30:00+05:30,2026-09-07T16:13:00+05:30,223.0,223.0
12919,2026-09-06,218.0,MSKT,Martyr Captain Sunil Kumar Choudhary Kathua,2026-09-07T13:08:00+05:30,2026-09-07T16:45:00+05:30,2026-09-07T13:10:00+05:30,2026-09-07T16:47:00+05:30,217.0,217.0
12919,2026-09-06,228.0,JAT,Jammu Tawi,2026-09-07T14:30:00+05:30,2026-09-07T18:33:00+05:30,2026-09-07T14:35:00+05:30,2026-09-07T19:07:00+05:30,243.0,272.0
12919,2026-09-06,232.0,RMJK,Ramnagar (J-K),2026-09-07T15:19:00+05:30,2026-09-07T20:08:00+05:30,2026-09-07T15:21:00+05:30,2026-09-07T20:10:00+05:30,289.0,289.0
12919,2026-09-06,233.0,MCTM,MCTM Udhampur,2026-09-07T15:43:00+05:30,2026-09-07T20:27:00+05:30,2026-09-07T15:45:00+05:30,2026-09-07T20:29:00+05:30,284.0,284.0
12919,2026-09-06,234.0,CRWL,Chak-Rakhwal,2026-09-07T15:58:00+05:30,2026-09-07T20:46:00+05:30,2026-09-07T16:00:00+05:30,2026-09-07T20:48:00+05:30,288.0,288.0
12919,2026-09-06,235.0,SVDK,Shri Mata Vaishno Devi Katra,2026-09-07T16:30:00+05:30,2026-09-07T21:10:00+05:30,,,280.0,
12919,2026-09-07,1.0,DADN,Dr. Ambedkar Nagar,,,2026-09-07T11:50:00+05:30,2026-09-07T11:51:00+05:30,,1.0
12919,2026-09-07,7.0,INDB,Indore Jn,2026-09-07T12:05:00+05:30,2026-09-07T12:10:00+05:30,2026-09-07T12:15:00+05:30,2026-09-07T12:17:00+05:30,5.0,2.0
12919,2026-09-07,13.0,DWX,Dewas,2026-09-07T12:51:00+05:30,2026-09-07T12:59:00+05:30,2026-09-07T12:53:00+05:30,2026-09-07T13:00:00+05:30,8.0,7.0
12919,2026-09-07,19.0,UJN,Ujjain Jn,2026-09-07T13:45:00+05:30,2026-09-07T13:37:00+05:30,2026-09-07T14:00:00+05:30,,-8.0,
12919,2026-09-07,24.0,MKC,Maksi,2026-09-07T14:35:00+05:30,2026-09-07T14:40:00+05:30,2026-09-07T14:36:00+05:30,2026-09-07T14:43:00+05:30,5.0,7.0
12919,2026-09-07,26.0,BCH,Berchha,2026-09-07T14:51:00+05:30,2026-09-07T14:58:00+05:30,2026-09-07T14:53:00+05:30,2026-09-07T15:00:00+05:30,7.0,7.0
12919,2026-09-07,30.0,AKD,Akodia,2026-09-07T15:19:00+05:30,2026-09-07T15:21:00+05:30,2026-09-07T15:20:00+05:30,2026-09-07T15:22:00+05:30,2.0,2.0
12919,2026-09-07,32.0,SJP,Shujalpur,2026-09-07T15:32:00+05:30,2026-09-07T15:35:00+05:30,2026-09-07T15:34:00+05:30,2026-09-07T15:37:00+05:30,3.0,3.0
12919,2026-09-07,34.0,KPP,Kalapipal,2026-09-07T15:47:00+05:30,2026-09-07T15:49:00+05:30,2026-09-07T15:48:00+05:30,2026-09-07T15:50:00+05:30,2.0,2.0
12919,2026-09-07,38.0,SEH,Sehore,2026-09-07T16:10:00+05:30,2026-09-07T16:16:00+05:30,2026-09-07T16:11:00+05:30,2026-09-07T16:18:00+05:30,6.0,7.0
12919,2026-09-07,42.0,SHRN,Sant Hirdaram Nagar Jn,2026-09-07T16:53:00+05:30,2026-09-07T16:42:00+05:30,2026-09-07T16:55:00+05:30,2026-09-07T16:56:00+05:30,-11.0,1.0
12919,2026-09-07,43.0,BPL,Bhopal Jn,2026-09-07T17:20:00+05:30,2026-09-07T17:30:00+05:30,2026-09-07T17:30:00+05:30,2026-09-07T17:59:00+05:30,10.0,29.0
12919,2026-09-07,44.0,NSZ,Nishatpura,2026-09-07T17:42:00+05:30,2026-09-07T18:09:00+05:30,2026-09-07T17:44:00+05:30,2026-09-07T18:11:00+05:30,27.0,27.0
12919,2026-09-07,50.0,BHS,Vidisha,2026-09-07T18:05:00+05:30,2026-09-07T18:48:00+05:30,2026-09-07T18:07:00+05:30,2026-09-07T18:53:00+05:30,43.0,46.0
12919,2026-09-07,55.0,BAQ,Ganj Basoda,2026-09-07T18:31:00+05:30,2026-09-07T19:25:00+05:30,2026-09-07T18:33:00+05:30,2026-09-07T19:27:00+05:30,54.0,54.0
12919,2026-09-07,61.0,BINA,Bina Jn,2026-09-07T19:30:00+05:30,2026-09-07T20:17:00+05:30,2026-09-07T19:35:00+05:30,2026-09-07T20:22:00+05:30,47.0,47.0
12919,2026-09-07,68.0,LAR,Lalitpur,2026-09-07T20:14:00+05:30,2026-09-07T21:10:00+05:30,2026-09-07T20:16:00+05:30,2026-09-07T21:14:00+05:30,56.0,58.0
12919,2026-09-07,77.0,BAB,Babina,2026-09-07T20:54:00+05:30,2026-09-07T21:55:00+05:30,2026-09-07T20:56:00+05:30,2026-09-07T21:57:00+05:30,61.0,61.0
12919,2026-09-07,80.0,VGLJ,Veerangana Lakshmibai Jhansi,2026-09-07T21:30:00+05:30,2026-09-07T22:19:00+05:30,2026-09-07T21:38:00+05:30,2026-09-07T22:28:00+05:30,49.0,50.0
12919,2026-09-07,82.0,DAA,Datia,2026-09-07T21:59:00+05:30,2026-09-07T22:55:00+05:30,2026-09-07T22:01:00+05:30,2026-09-07T22:58:00+05:30,56.0,57.0
12919,2026-09-07,85.0,DBA,Dabra,2026-09-07T22:22:00+05:30,2026-09-07T23:19:00+05:30,2026-09-07T22:24:00+05:30,2026-09-07T23:23:00+05:30,57.0,59.0
12919,2026-09-07,91.0,GWL,Gwalior Jn,2026-09-07T22:54:00+05:30,2026-09-07T23:57:00+05:30,2026-09-07T22:56:00+05:30,2026-09-07T23:57:00+05:30,63.0,61.0
12919,2026-09-07,97.0,MRA,Morena,2026-09-07T23:25:00+05:30,2026-09-08T00:31:00+05:30,2026-09-07T23:27:00+05:30,2026-09-08T00:33:00+05:30,66.0,66.0
12919,2026-09-07,101.0,DHO,Dhaulpur,2026-09-08T00:08:00+05:30,2026-09-08T00:57:00+05:30,2026-09-08T00:10:00+05:30,2026-09-08T00:59:00+05:30,49.0,49.0
12919,2026-09-07,105.0,AGC,Agra Cantt,2026-09-08T00:40:00+05:30,2026-09-08T01:43:00+05:30,2026-09-08T00:45:00+05:30,2026-09-08T01:48:00+05:30,63.0,63.0
12919,2026-09-07,113.0,MTJ,Mathura Jn,2026-09-08T01:23:00+05:30,2026-09-08T02:27:00+05:30,2026-09-08T01:25:00+05:30,2026-09-08T02:31:00+05:30,64.0,66.0
12919,2026-09-07,118.0,KSV,Kosi Kalan,2026-09-08T01:52:00+05:30,2026-09-08T02:59:00+05:30,2026-09-08T01:54:00+05:30,2026-09-08T03:05:00+05:30,67.0,71.0
12919,2026-09-07,123.0,PWL,Palwal,2026-09-08T02:58:00+05:30,2026-09-08T03:43:00+05:30,2026-09-08T03:00:00+05:30,2026-09-08T03:46:00+05:30,45.0,46.0
12919,2026-09-07,125.0,BVH,Ballabgarh,2026-09-08T03:16:00+05:30,2026-09-08T04:10:00+05:30,2026-09-08T03:18:00+05:30,2026-09-08T04:12:00+05:30,54.0,54.0
12919,2026-09-07,127.0,FDB,Faridabad,2026-09-08T03:27:00+05:30,,2026-09-08T03:29:00+05:30,,,
12919,2026-09-07,131.0,NZM,Hazrat Nizamuddin Jn,2026-09-08T03:48:00+05:30,2026-09-08T05:06:00+05:30,2026-09-08T03:50:00+05:30,2026-09-08T05:09:00+05:30,78.0,79.0
12919,2026-09-07,135.0,NDLS,New Delhi,2026-09-08T04:15:00+05:30,2026-09-08T05:26:00+05:30,2026-09-08T04:30:00+05:30,2026-09-08T05:43:00+05:30,71.0,73.0
12919,2026-09-07,146.0,SNP,Sonipat,2026-09-08T05:10:00+05:30,2026-09-08T06:50:00+05:30,2026-09-08T05:12:00+05:30,2026-09-08T06:52:00+05:30,100.0,100.0
12919,2026-09-07,153.0,PNP,Panipat Jn,2026-09-08T05:40:00+05:30,2026-09-08T07:35:00+05:30,2026-09-08T05:42:00+05:30,2026-09-08T07:38:00+05:30,115.0,116.0
12919,2026-09-07,158.0,KUN,Karnal,2026-09-08T06:04:00+05:30,2026-09-08T08:00:00+05:30,2026-09-08T06:06:00+05:30,2026-09-08T08:03:00+05:30,116.0,117.0
12919,2026-09-07,163.0,KKDE,Kurukshetra Jn,2026-09-08T06:30:00+05:30,2026-09-08T08:28:00+05:30,2026-09-08T06:32:00+05:30,2026-09-08T08:30:00+05:30,118.0,118.0
12919,2026-09-07,169.0,UMB,Ambala Cantt Jn,2026-09-08T07:30:00+05:30,2026-09-08T09:04:00+05:30,2026-09-08T07:35:00+05:30,2026-09-08T09:12:00+05:30,94.0,97.0
12919,2026-09-07,175.0,SIR,Sirhind Jn,2026-09-08T08:08:00+05:30,2026-09-08T09:57:00+05:30,2026-09-08T08:10:00+05:30,2026-09-08T09:59:00+05:30,109.0,109.0
12919,2026-09-07,177.0,KNN,Khanna,2026-09-08T08:25:00+05:30,,2026-09-08T08:27:00+05:30,,,
12919,2026-09-07,184.0,LDH,Ludhiana Jn,2026-09-08T09:40:00+05:30,2026-09-08T10:54:00+05:30,2026-09-08T09:50:00+05:30,2026-09-08T11:03:00+05:30,74.0,73.0
12919,2026-09-07,191.0,JRC,Jalandhar Cantt Jn,2026-09-08T10:33:00+05:30,2026-09-08T11:52:00+05:30,2026-09-08T10:36:00+05:30,2026-09-08T11:56:00+05:30,79.0,80.0
12919,2026-09-07,204.0,DZA,Dasua,2026-09-08T11:41:00+05:30,2026-09-08T12:42:00+05:30,2026-09-08T11:43:00+05:30,2026-09-08T12:44:00+05:30,61.0,61.0
12919,2026-09-07,207.0,MEX,Mukerian,2026-09-08T11:58:00+05:30,2026-09-08T13:00:00+05:30,2026-09-08T12:00:00+05:30,2026-09-08T13:02:00+05:30,62.0,62.0
12919,2026-09-07,214.0,PTKC,Pathankot Cantt,2026-09-08T12:27:00+05:30,2026-09-08T13:35:00+05:30,2026-09-08T12:30:00+05:30,2026-09-08T13:39:00+05:30,68.0,69.0
12919,2026-09-07,218.0,MSKT,Martyr Captain Sunil Kumar Choudhary Kathua,2026-09-08T13:08:00+05:30,,2026-09-08T13:10:00+05:30,,,
12919,2026-09-07,228.0,JAT,Jammu Tawi,2026-09-08T14:30:00+05:30,2026-09-08T15:19:00+05:30,2026-09-08T14:35:00+05:30,2026-09-08T15:30:00+05:30,49.0,55.0
12919,2026-09-07,232.0,RMJK,Ramnagar (J-K),2026-09-08T15:19:00+05:30,2026-09-08T16:30:00+05:30,2026-09-08T15:21:00+05:30,2026-09-08T16:32:00+05:30,71.0,71.0
12919,2026-09-07,233.0,MCTM,MCTM Udhampur,2026-09-08T15:43:00+05:30,2026-09-08T16:46:00+05:30,2026-09-08T15:45:00+05:30,2026-09-08T16:49:00+05:30,63.0,64.0
12919,2026-09-07,234.0,CRWL,Chak-Rakhwal,2026-09-08T15:58:00+05:30,2026-09-08T17:05:00+05:30,2026-09-08T16:00:00+05:30,2026-09-08T17:12:00+05:30,67.0,72.0
12919,2026-09-07,235.0,SVDK,Shri Mata Vaishno Devi Katra,2026-09-08T16:30:00+05:30,2026-09-08T17:32:00+05:30,,,62.0,
12919,2026-09-08,1.0,DADN,Dr. Ambedkar Nagar,,,2026-09-08T11:50:00+05:30,2026-09-08T11:50:00+05:30,,0.0
12919,2026-09-08,7.0,INDB,Indore Jn,2026-09-08T12:05:00+05:30,2026-09-08T12:11:00+05:30,2026-09-08T12:15:00+05:30,2026-09-08T12:18:00+05:30,6.0,3.0
12919,2026-09-08,13.0,DWX,Dewas,2026-09-08T12:51:00+05:30,2026-09-08T13:03:00+05:30,2026-09-08T12:53:00+05:30,2026-09-08T13:05:00+05:30,12.0,12.0
12919,2026-09-08,19.0,UJN,Ujjain Jn,2026-09-08T13:45:00+05:30,2026-09-08T13:45:00+05:30,2026-09-08T14:00:00+05:30,2026-09-08T14:14:00+05:30,0.0,14.0
12919,2026-09-08,24.0,MKC,Maksi,2026-09-08T14:35:00+05:30,2026-09-08T14:47:00+05:30,2026-09-08T14:36:00+05:30,2026-09-08T14:48:00+05:30,12.0,12.0
12919,2026-09-08,26.0,BCH,Berchha,2026-09-08T14:51:00+05:30,2026-09-08T15:05:00+05:30,2026-09-08T14:53:00+05:30,2026-09-08T15:07:00+05:30,14.0,14.0
12919,2026-09-08,30.0,AKD,Akodia,2026-09-08T15:19:00+05:30,2026-09-08T15:28:00+05:30,2026-09-08T15:20:00+05:30,2026-09-08T15:30:00+05:30,9.0,10.0
12919,2026-09-08,32.0,SJP,Shujalpur,2026-09-08T15:32:00+05:30,2026-09-08T15:43:00+05:30,2026-09-08T15:34:00+05:30,2026-09-08T15:45:00+05:30,11.0,11.0
12919,2026-09-08,34.0,KPP,Kalapipal,2026-09-08T15:47:00+05:30,2026-09-08T15:56:00+05:30,2026-09-08T15:48:00+05:30,2026-09-08T15:58:00+05:30,9.0,10.0
12919,2026-09-08,38.0,SEH,Sehore,2026-09-08T16:10:00+05:30,2026-09-08T16:22:00+05:30,2026-09-08T16:11:00+05:30,2026-09-08T16:25:00+05:30,12.0,14.0
12919,2026-09-08,42.0,SHRN,Sant Hirdaram Nagar Jn,2026-09-08T16:53:00+05:30,2026-09-08T16:52:00+05:30,2026-09-08T16:55:00+05:30,2026-09-08T16:55:00+05:30,-1.0,0.0
12919,2026-09-08,43.0,BPL,Bhopal Jn,2026-09-08T17:20:00+05:30,2026-09-08T17:36:00+05:30,2026-09-08T17:30:00+05:30,,16.0,
12919,2026-09-08,44.0,NSZ,Nishatpura,2026-09-08T17:42:00+05:30,,2026-09-08T17:44:00+05:30,,,
12919,2026-09-08,50.0,BHS,Vidisha,2026-09-08T18:05:00+05:30,,2026-09-08T18:07:00+05:30,,,
12919,2026-09-08,55.0,BAQ,Ganj Basoda,2026-09-08T18:31:00+05:30,,2026-09-08T18:33:00+05:30,,,
12919,2026-09-08,61.0,BINA,Bina Jn,2026-09-08T19:30:00+05:30,,2026-09-08T19:35:00+05:30,,,
12919,2026-09-08,68.0,LAR,Lalitpur,2026-09-08T20:14:00+05:30,2026-09-08T21:16:00+05:30,2026-09-08T20:16:00+05:30,2026-09-08T21:19:00+05:30,62.0,63.0
12919,2026-09-08,77.0,BAB,Babina,2026-09-08T20:54:00+05:30,2026-09-08T22:00:00+05:30,2026-09-08T20:56:00+05:30,2026-09-08T22:03:00+05:30,66.0,67.0
12919,2026-09-08,80.0,VGLJ,Veerangana Lakshmibai Jhansi,2026-09-08T21:30:00+05:30,2026-09-08T22:25:00+05:30,2026-09-08T21:38:00+05:30,2026-09-08T22:33:00+05:30,55.0,55.0
12919,2026-09-08,82.0,DAA,Datia,2026-09-08T21:59:00+05:30,2026-09-08T22:59:00+05:30,2026-09-08T22:01:00+05:30,2026-09-08T23:01:00+05:30,60.0,60.0
12919,2026-09-08,85.0,DBA,Dabra,2026-09-08T22:22:00+05:30,2026-09-08T23:22:00+05:30,2026-09-08T22:24:00+05:30,2026-09-08T23:24:00+05:30,60.0,60.0
12919,2026-09-08,91.0,GWL,Gwalior Jn,2026-09-08T22:54:00+05:30,2026-09-08T23:57:00+05:30,2026-09-08T22:56:00+05:30,2026-09-08T23:57:00+05:30,63.0,61.0
12919,2026-09-08,97.0,MRA,Morena,2026-09-08T23:25:00+05:30,2026-09-09T00:31:00+05:30,2026-09-08T23:27:00+05:30,2026-09-09T00:36:00+05:30,66.0,69.0
12919,2026-09-08,101.0,DHO,Dhaulpur,2026-09-09T00:08:00+05:30,2026-09-09T01:04:00+05:30,2026-09-09T00:10:00+05:30,2026-09-09T01:06:00+05:30,56.0,56.0
12919,2026-09-08,105.0,AGC,Agra Cantt,2026-09-09T00:40:00+05:30,2026-09-09T01:48:00+05:30,2026-09-09T00:45:00+05:30,2026-09-09T01:53:00+05:30,68.0,68.0
12919,2026-09-08,113.0,MTJ,Mathura Jn,2026-09-09T01:23:00+05:30,2026-09-09T02:32:00+05:30,2026-09-09T01:25:00+05:30,2026-09-09T02:36:00+05:30,69.0,71.0
12919,2026-09-08,118.0,KSV,Kosi Kalan,2026-09-09T01:52:00+05:30,2026-09-09T03:07:00+05:30,2026-09-09T01:54:00+05:30,2026-09-09T03:09:00+05:30,75.0,75.0
12919,2026-09-08,123.0,PWL,Palwal,2026-09-09T02:58:00+05:30,2026-09-09T03:50:00+05:30,2026-09-09T03:00:00+05:30,2026-09-09T03:52:00+05:30,52.0,52.0
12919,2026-09-08,125.0,BVH,Ballabgarh,2026-09-09T03:16:00+05:30,2026-09-09T04:12:00+05:30,2026-09-09T03:18:00+05:30,2026-09-09T04:14:00+05:30,56.0,56.0
12919,2026-09-08,127.0,FDB,Faridabad,2026-09-09T03:27:00+05:30,,2026-09-09T03:29:00+05:30,,,
12919,2026-09-08,131.0,NZM,Hazrat Nizamuddin Jn,2026-09-09T03:48:00+05:30,2026-09-09T04:56:00+05:30,2026-09-09T03:50:00+05:30,2026-09-09T04:58:00+05:30,68.0,68.0
12919,2026-09-08,135.0,NDLS,New Delhi,2026-09-09T04:15:00+05:30,2026-09-09T05:21:00+05:30,2026-09-09T04:30:00+05:30,2026-09-09T05:39:00+05:30,66.0,69.0
12919,2026-09-08,146.0,SNP,Sonipat,2026-09-09T05:10:00+05:30,2026-09-09T06:52:00+05:30,2026-09-09T05:12:00+05:30,2026-09-09T06:54:00+05:30,102.0,102.0
12919,2026-09-08,153.0,PNP,Panipat Jn,2026-09-09T05:40:00+05:30,2026-09-09T07:38:00+05:30,2026-09-09T05:42:00+05:30,2026-09-09T07:41:00+05:30,118.0,119.0
12919,2026-09-08,158.0,KUN,Karnal,2026-09-09T06:04:00+05:30,2026-09-09T08:04:00+05:30,2026-09-09T06:06:00+05:30,2026-09-09T08:05:00+05:30,120.0,119.0
12919,2026-09-08,163.0,KKDE,Kurukshetra Jn,2026-09-09T06:30:00+05:30,2026-09-09T09:51:00+05:30,2026-09-09T06:32:00+05:30,2026-09-09T09:52:00+05:30,201.0,200.0
12919,2026-09-08,169.0,UMB,Ambala Cantt Jn,2026-09-09T07:30:00+05:30,2026-09-09T10:53:00+05:30,2026-09-09T07:35:00+05:30,2026-09-09T11:12:00+05:30,203.0,217.0
12919,2026-09-08,175.0,SIR,Sirhind Jn,2026-09-09T08:08:00+05:30,2026-09-09T11:56:00+05:30,2026-09-09T08:10:00+05:30,2026-09-09T11:58:00+05:30,228.0,228.0
12919,2026-09-08,177.0,KNN,Khanna,2026-09-09T08:25:00+05:30,2026-09-09T12:14:00+05:30,2026-09-09T08:27:00+05:30,2026-09-09T12:28:00+05:30,229.0,241.0
12919,2026-09-08,184.0,LDH,Ludhiana Jn,2026-09-09T09:40:00+05:30,2026-09-09T13:05:00+05:30,2026-09-09T09:50:00+05:30,2026-09-09T13:33:00+05:30,205.0,223.0
12919,2026-09-08,191.0,JRC,Jalandhar Cantt Jn,2026-09-09T10:33:00+05:30,2026-09-09T14:29:00+05:30,2026-09-09T10:36:00+05:30,2026-09-09T14:32:00+05:30,236.0,236.0
12919,2026-09-08,204.0,DZA,Dasua,2026-09-09T11:41:00+05:30,2026-09-09T15:17:00+05:30,2026-09-09T11:43:00+05:30,2026-09-09T15:19:00+05:30,216.0,216.0
12919,2026-09-08,207.0,MEX,Mukerian,2026-09-09T11:58:00+05:30,2026-09-09T15:35:00+05:30,2026-09-09T12:00:00+05:30,2026-09-09T15:38:00+05:30,217.0,218.0
12919,2026-09-08,214.0,PTKC,Pathankot Cantt,2026-09-09T12:27:00+05:30,2026-09-09T16:10:00+05:30,2026-09-09T12:30:00+05:30,2026-09-09T16:12:00+05:30,223.0,222.0
12919,2026-09-08,218.0,MSKT,Martyr Captain Sunil Kumar Choudhary Kathua,2026-09-09T13:08:00+05:30,2026-09-09T16:43:00+05:30,2026-09-09T13:10:00+05:30,2026-09-09T16:54:00+05:30,215.0,224.0
12919,2026-09-08,228.0,JAT,Jammu Tawi,2026-09-09T14:30:00+05:30,2026-09-09T19:09:00+05:30,2026-09-09T14:35:00+05:30,2026-09-09T19:29:00+05:30,279.0,294.0
12919,2026-09-08,232.0,RMJK,Ramnagar (J-K),2026-09-09T15:19:00+05:30,2026-09-09T20:28:00+05:30,2026-09-09T15:21:00+05:30,2026-09-09T20:40:00+05:30,309.0,319.0
12919,2026-09-08,233.0,MCTM,MCTM Udhampur,2026-09-09T15:43:00+05:30,2026-09-09T20:54:00+05:30,2026-09-09T15:45:00+05:30,2026-09-09T20:57:00+05:30,311.0,312.0
12919,2026-09-08,234.0,CRWL,Chak-Rakhwal,2026-09-09T15:58:00+05:30,2026-09-09T21:13:00+05:30,2026-09-09T16:00:00+05:30,2026-09-09T21:14:00+05:30,315.0,314.0
12919,2026-09-08,235.0,SVDK,Shri Mata Vaishno Devi Katra,2026-09-09T16:30:00+05:30,2026-09-09T21:34:00+05:30,,,304.0,
12919,2026-09-09,1.0,DADN,Dr. Ambedkar Nagar,,,2026-09-09T11:50:00+05:30,2026-09-09T11:51:00+05:30,,1.0
12919,2026-09-09,7.0,INDB,Indore Jn,2026-09-09T12:05:00+05:30,2026-09-09T12:11:00+05:30,2026-09-09T12:15:00+05:30,2026-09-09T12:20:00+05:30,6.0,5.0
12919,2026-09-09,13.0,DWX,Dewas,2026-09-09T12:51:00+05:30,2026-09-09T12:53:00+05:30,2026-09-09T12:53:00+05:30,2026-09-09T12:55:00+05:30,2.0,2.0
12919,2026-09-09,19.0,UJN,Ujjain Jn,2026-09-09T13:45:00+05:30,2026-09-09T13:38:00+05:30,2026-09-09T14:00:00+05:30,2026-09-09T14:11:00+05:30,-7.0,11.0
12919,2026-09-09,24.0,MKC,Maksi,2026-09-09T14:35:00+05:30,2026-09-09T14:43:00+05:30,2026-09-09T14:36:00+05:30,2026-09-09T14:45:00+05:30,8.0,9.0
12919,2026-09-09,26.0,BCH,Berchha,2026-09-09T14:51:00+05:30,2026-09-09T15:01:00+05:30,2026-09-09T14:53:00+05:30,2026-09-09T15:04:00+05:30,10.0,11.0
12919,2026-09-09,30.0,AKD,Akodia,2026-09-09T15:19:00+05:30,2026-09-09T15:28:00+05:30,2026-09-09T15:20:00+05:30,2026-09-09T15:30:00+05:30,9.0,10.0
12919,2026-09-09,32.0,SJP,Shujalpur,2026-09-09T15:32:00+05:30,2026-09-09T15:43:00+05:30,2026-09-09T15:34:00+05:30,2026-09-09T15:45:00+05:30,11.0,11.0
12919,2026-09-09,34.0,KPP,Kalapipal,2026-09-09T15:47:00+05:30,2026-09-09T15:56:00+05:30,2026-09-09T15:48:00+05:30,2026-09-09T15:58:00+05:30,9.0,10.0
12919,2026-09-09,38.0,SEH,Sehore,2026-09-09T16:10:00+05:30,2026-09-09T16:20:00+05:30,2026-09-09T16:11:00+05:30,2026-09-09T16:23:00+05:30,10.0,12.0
12919,2026-09-09,42.0,SHRN,Sant Hirdaram Nagar Jn,2026-09-09T16:53:00+05:30,2026-09-09T16:49:00+05:30,2026-09-09T16:55:00+05:30,2026-09-09T16:55:00+05:30,-4.0,0.0
12919,2026-09-09,43.0,BPL,Bhopal Jn,2026-09-09T17:20:00+05:30,2026-09-09T17:32:00+05:30,2026-09-09T17:30:00+05:30,2026-09-09T18:00:00+05:30,12.0,30.0
12919,2026-09-09,44.0,NSZ,Nishatpura,2026-09-09T17:42:00+05:30,2026-09-09T18:10:00+05:30,2026-09-09T17:44:00+05:30,2026-09-09T18:12:00+05:30,28.0,28.0
12919,2026-09-09,50.0,BHS,Vidisha,2026-09-09T18:05:00+05:30,2026-09-09T18:57:00+05:30,2026-09-09T18:07:00+05:30,2026-09-09T19:12:00+05:30,52.0,65.0
12919,2026-09-09,55.0,BAQ,Ganj Basoda,2026-09-09T18:31:00+05:30,2026-09-09T19:40:00+05:30,2026-09-09T18:33:00+05:30,2026-09-09T19:42:00+05:30,69.0,69.0
12919,2026-09-09,61.0,BINA,Bina Jn,2026-09-09T19:30:00+05:30,2026-09-09T20:57:00+05:30,2026-09-09T19:35:00+05:30,2026-09-09T21:08:00+05:30,87.0,93.0
12919,2026-09-09,68.0,LAR,Lalitpur,2026-09-09T20:14:00+05:30,2026-09-09T22:05:00+05:30,2026-09-09T20:16:00+05:30,2026-09-09T22:13:00+05:30,111.0,117.0
12919,2026-09-09,77.0,BAB,Babina,2026-09-09T20:54:00+05:30,2026-09-09T22:50:00+05:30,2026-09-09T20:56:00+05:30,2026-09-09T22:52:00+05:30,116.0,116.0
12919,2026-09-09,80.0,VGLJ,Veerangana Lakshmibai Jhansi,2026-09-09T21:30:00+05:30,2026-09-09T23:33:00+05:30,2026-09-09T21:38:00+05:30,2026-09-09T23:45:00+05:30,123.0,127.0
12919,2026-09-09,82.0,DAA,Datia,2026-09-09T21:59:00+05:30,2026-09-10T00:11:00+05:30,2026-09-09T22:01:00+05:30,2026-09-10T00:14:00+05:30,132.0,133.0
12919,2026-09-09,85.0,DBA,Dabra,2026-09-09T22:22:00+05:30,2026-09-10T00:45:00+05:30,2026-09-09T22:24:00+05:30,2026-09-10T00:47:00+05:30,143.0,143.0
12919,2026-09-09,91.0,GWL,Gwalior Jn,2026-09-09T22:54:00+05:30,2026-09-10T01:25:00+05:30,2026-09-09T22:56:00+05:30,2026-09-10T01:29:00+05:30,151.0,153.0
12919,2026-09-09,97.0,MRA,Morena,2026-09-09T23:25:00+05:30,2026-09-10T02:14:00+05:30,2026-09-09T23:27:00+05:30,2026-09-10T02:17:00+05:30,169.0,170.0
12919,2026-09-09,101.0,DHO,Dhaulpur,2026-09-10T00:08:00+05:30,2026-09-10T03:07:00+05:30,2026-09-10T00:10:00+05:30,2026-09-10T03:10:00+05:30,179.0,180.0
12919,2026-09-09,105.0,AGC,Agra Cantt,2026-09-10T00:40:00+05:30,2026-09-10T03:57:00+05:30,2026-09-10T00:45:00+05:30,2026-09-10T04:01:00+05:30,197.0,196.0
12919,2026-09-09,113.0,MTJ,Mathura Jn,2026-09-10T01:23:00+05:30,2026-09-10T04:39:00+05:30,2026-09-10T01:25:00+05:30,2026-09-10T04:45:00+05:30,196.0,200.0
12919,2026-09-09,118.0,KSV,Kosi Kalan,2026-09-10T01:52:00+05:30,2026-09-10T05:15:00+05:30,2026-09-10T01:54:00+05:30,2026-09-10T05:17:00+05:30,203.0,203.0
12919,2026-09-09,123.0,PWL,Palwal,2026-09-10T02:58:00+05:30,2026-09-10T05:52:00+05:30,2026-09-10T03:00:00+05:30,2026-09-10T05:54:00+05:30,174.0,174.0
12919,2026-09-09,125.0,BVH,Ballabgarh,2026-09-10T03:16:00+05:30,2026-09-10T06:13:00+05:30,2026-09-10T03:18:00+05:30,2026-09-10T06:15:00+05:30,177.0,177.0
12919,2026-09-09,127.0,FDB,Faridabad,2026-09-10T03:27:00+05:30,,2026-09-10T03:29:00+05:30,,,
12919,2026-09-09,131.0,NZM,Hazrat Nizamuddin Jn,2026-09-10T03:48:00+05:30,2026-09-10T06:53:00+05:30,2026-09-10T03:50:00+05:30,2026-09-10T06:56:00+05:30,185.0,186.0
12919,2026-09-09,135.0,NDLS,New Delhi,2026-09-10T04:15:00+05:30,2026-09-10T07:26:00+05:30,2026-09-10T04:30:00+05:30,2026-09-10T07:37:00+05:30,191.0,187.0
12919,2026-09-09,146.0,SNP,Sonipat,2026-09-10T05:10:00+05:30,2026-09-10T08:32:00+05:30,2026-09-10T05:12:00+05:30,2026-09-10T08:34:00+05:30,202.0,202.0
12919,2026-09-09,153.0,PNP,Panipat Jn,2026-09-10T05:40:00+05:30,2026-09-10T09:45:00+05:30,2026-09-10T05:42:00+05:30,2026-09-10T09:47:00+05:30,245.0,245.0
12919,2026-09-09,158.0,KUN,Karnal,2026-09-10T06:04:00+05:30,2026-09-10T10:16:00+05:30,2026-09-10T06:06:00+05:30,2026-09-10T10:17:00+05:30,252.0,251.0
12919,2026-09-09,163.0,KKDE,Kurukshetra Jn,2026-09-10T06:30:00+05:30,2026-09-10T10:40:00+05:30,2026-09-10T06:32:00+05:30,2026-09-10T10:42:00+05:30,250.0,250.0
12919,2026-09-09,169.0,UMB,Ambala Cantt Jn,2026-09-10T07:30:00+05:30,2026-09-10T11:22:00+05:30,2026-09-10T07:35:00+05:30,2026-09-10T11:27:00+05:30,232.0,232.0
12919,2026-09-09,175.0,SIR,Sirhind Jn,2026-09-10T08:08:00+05:30,2026-09-10T12:08:00+05:30,2026-09-10T08:10:00+05:30,2026-09-10T12:09:00+05:30,240.0,239.0
12919,2026-09-09,177.0,KNN,Khanna,2026-09-10T08:25:00+05:30,2026-09-10T12:24:00+05:30,2026-09-10T08:27:00+05:30,2026-09-10T12:26:00+05:30,239.0,239.0
12919,2026-09-09,184.0,LDH,Ludhiana Jn,2026-09-10T09:40:00+05:30,2026-09-10T12:59:00+05:30,2026-09-10T09:50:00+05:30,2026-09-10T13:10:00+05:30,199.0,200.0
12919,2026-09-09,191.0,JRC,Jalandhar Cantt Jn,2026-09-10T10:33:00+05:30,2026-09-10T14:04:00+05:30,2026-09-10T10:36:00+05:30,2026-09-10T14:08:00+05:30,211.0,212.0
12919,2026-09-09,204.0,DZA,Dasua,2026-09-10T11:41:00+05:30,2026-09-10T14:54:00+05:30,2026-09-10T11:43:00+05:30,2026-09-10T14:56:00+05:30,193.0,193.0
12919,2026-09-09,207.0,MEX,Mukerian,2026-09-10T11:58:00+05:30,2026-09-10T15:12:00+05:30,2026-09-10T12:00:00+05:30,2026-09-10T15:15:00+05:30,194.0,195.0
12919,2026-09-09,214.0,PTKC,Pathankot Cantt,2026-09-10T12:27:00+05:30,2026-09-10T15:50:00+05:30,2026-09-10T12:30:00+05:30,2026-09-10T15:53:00+05:30,203.0,203.0
12919,2026-09-09,218.0,MSKT,Martyr Captain Sunil Kumar Choudhary Kathua,2026-09-10T13:08:00+05:30,2026-09-10T16:23:00+05:30,2026-09-10T13:10:00+05:30,2026-09-10T16:30:00+05:30,195.0,200.0
12919,2026-09-09,228.0,JAT,Jammu Tawi,2026-09-10T14:30:00+05:30,2026-09-10T17:51:00+05:30,2026-09-10T14:35:00+05:30,2026-09-10T18:04:00+05:30,201.0,209.0
12919,2026-09-09,232.0,RMJK,Ramnagar (J-K),2026-09-10T15:19:00+05:30,2026-09-10T19:36:00+05:30,2026-09-10T15:21:00+05:30,2026-09-10T19:38:00+05:30,257.0,257.0
12919,2026-09-09,233.0,MCTM,MCTM Udhampur,2026-09-10T15:43:00+05:30,2026-09-10T19:52:00+05:30,2026-09-10T15:45:00+05:30,2026-09-10T19:55:00+05:30,249.0,250.0
12919,2026-09-09,234.0,CRWL,Chak-Rakhwal,2026-09-10T15:58:00+05:30,2026-09-10T20:13:00+05:30,2026-09-10T16:00:00+05:30,2026-09-10T20:15:00+05:30,255.0,255.0
12919,2026-09-09,235.0,SVDK,Shri Mata Vaishno Devi Katra,2026-09-10T16:30:00+05:30,2026-09-10T20:35:00+05:30,,,245.0,
12919,2026-09-10,1.0,DADN,Dr. Ambedkar Nagar,,,2026-09-10T11:50:00+05:30,2026-09-10T11:50:00+05:30,,0.0
12919,2026-09-10,7.0,INDB,Indore Jn,2026-09-10T12:05:00+05:30,2026-09-10T12:11:00+05:30,2026-09-10T12:15:00+05:30,2026-09-10T12:21:00+05:30,6.0,6.0
12919,2026-09-10,13.0,DWX,Dewas,2026-09-10T12:51:00+05:30,2026-09-10T13:05:00+05:30,2026-09-10T12:53:00+05:30,2026-09-10T13:07:00+05:30,14.0,14.0
12919,2026-09-10,19.0,UJN,Ujjain Jn,2026-09-10T13:45:00+05:30,2026-09-10T13:45:00+05:30,2026-09-10T14:00:00+05:30,2026-09-10T14:14:00+05:30,0.0,14.0
12919,2026-09-10,24.0,MKC,Maksi,2026-09-10T14:35:00+05:30,2026-09-10T14:49:00+05:30,2026-09-10T14:36:00+05:30,2026-09-10T14:51:00+05:30,14.0,15.0
12919,2026-09-10,26.0,BCH,Berchha,2026-09-10T14:51:00+05:30,2026-09-10T15:07:00+05:30,2026-09-10T14:53:00+05:30,2026-09-10T15:09:00+05:30,16.0,16.0
12919,2026-09-10,30.0,AKD,Akodia,2026-09-10T15:19:00+05:30,2026-09-10T15:30:00+05:30,2026-09-10T15:20:00+05:30,2026-09-10T15:32:00+05:30,11.0,12.0
12919,2026-09-10,32.0,SJP,Shujalpur,2026-09-10T15:32:00+05:30,2026-09-10T15:45:00+05:30,2026-09-10T15:34:00+05:30,2026-09-10T15:46:00+05:30,13.0,12.0
12919,2026-09-10,34.0,KPP,Kalapipal,2026-09-10T15:47:00+05:30,2026-09-10T15:58:00+05:30,2026-09-10T15:48:00+05:30,2026-09-10T15:59:00+05:30,11.0,11.0
12919,2026-09-10,38.0,SEH,Sehore,2026-09-10T16:10:00+05:30,2026-09-10T16:22:00+05:30,2026-09-10T16:11:00+05:30,2026-09-10T16:25:00+05:30,12.0,14.0
12919,2026-09-10,42.0,SHRN,Sant Hirdaram Nagar Jn,2026-09-10T16:53:00+05:30,2026-09-10T16:53:00+05:30,2026-09-10T16:55:00+05:30,2026-09-10T17:03:00+05:30,0.0,8.0
12919,2026-09-10,43.0,BPL,Bhopal Jn,2026-09-10T17:20:00+05:30,2026-09-10T17:40:00+05:30,2026-09-10T17:30:00+05:30,2026-09-10T18:15:00+05:30,20.0,45.0
12919,2026-09-10,44.0,NSZ,Nishatpura,2026-09-10T17:42:00+05:30,2026-09-10T18:25:00+05:30,2026-09-10T17:44:00+05:30,2026-09-10T18:40:00+05:30,43.0,56.0
12919,2026-09-10,50.0,BHS,Vidisha,2026-09-10T18:05:00+05:30,2026-09-10T19:21:00+05:30,2026-09-10T18:07:00+05:30,2026-09-10T19:23:00+05:30,76.0,76.0
12919,2026-09-10,55.0,BAQ,Ganj Basoda,2026-09-10T18:31:00+05:30,2026-09-10T19:54:00+05:30,2026-09-10T18:33:00+05:30,2026-09-10T19:56:00+05:30,83.0,83.0
12919,2026-09-10,61.0,BINA,Bina Jn,2026-09-10T19:30:00+05:30,2026-09-10T20:37:00+05:30,2026-09-10T19:35:00+05:30,2026-09-10T20:40:00+05:30,67.0,65.0
12919,2026-09-10,68.0,LAR,Lalitpur,2026-09-10T20:14:00+05:30,2026-09-10T21:27:00+05:30,2026-09-10T20:16:00+05:30,2026-09-10T21:29:00+05:30,73.0,73.0
12919,2026-09-10,77.0,BAB,Babina,2026-09-10T20:54:00+05:30,2026-09-10T22:11:00+05:30,2026-09-10T20:56:00+05:30,2026-09-10T22:12:00+05:30,77.0,76.0
12919,2026-09-10,80.0,VGLJ,Veerangana Lakshmibai Jhansi,2026-09-10T21:30:00+05:30,2026-09-10T22:35:00+05:30,2026-09-10T21:38:00+05:30,2026-09-10T22:35:00+05:30,65.0,57.0
12919,2026-09-10,82.0,DAA,Datia,2026-09-10T21:59:00+05:30,2026-09-10T23:12:00+05:30,2026-09-10T22:01:00+05:30,2026-09-10T23:14:00+05:30,73.0,73.0
12919,2026-09-10,85.0,DBA,Dabra,2026-09-10T22:22:00+05:30,2026-09-10T23:37:00+05:30,2026-09-10T22:24:00+05:30,2026-09-10T23:41:00+05:30,75.0,77.0
12919,2026-09-10,91.0,GWL,Gwalior Jn,2026-09-10T22:54:00+05:30,2026-09-11T00:18:00+05:30,2026-09-10T22:56:00+05:30,2026-09-11T00:18:00+05:30,84.0,82.0
12919,2026-09-10,97.0,MRA,Morena,2026-09-10T23:25:00+05:30,2026-09-11T00:48:00+05:30,2026-09-10T23:27:00+05:30,2026-09-11T00:50:00+05:30,83.0,83.0
12919,2026-09-10,101.0,DHO,Dhaulpur,2026-09-11T00:08:00+05:30,2026-09-11T01:17:00+05:30,2026-09-11T00:10:00+05:30,2026-09-11T01:19:00+05:30,69.0,69.0
12919,2026-09-10,105.0,AGC,Agra Cantt,2026-09-11T00:40:00+05:30,2026-09-11T02:03:00+05:30,2026-09-11T00:45:00+05:30,2026-09-11T02:08:00+05:30,83.0,83.0
12919,2026-09-10,113.0,MTJ,Mathura Jn,2026-09-11T01:23:00+05:30,2026-09-11T02:47:00+05:30,2026-09-11T01:25:00+05:30,2026-09-11T02:49:00+05:30,84.0,84.0
12919,2026-09-10,118.0,KSV,Kosi Kalan,2026-09-11T01:52:00+05:30,2026-09-11T03:17:00+05:30,2026-09-11T01:54:00+05:30,2026-09-11T03:20:00+05:30,85.0,86.0
12919,2026-09-10,123.0,PWL,Palwal,2026-09-11T02:58:00+05:30,2026-09-11T03:58:00+05:30,2026-09-11T03:00:00+05:30,2026-09-11T04:01:00+05:30,60.0,61.0
12919,2026-09-10,125.0,BVH,Ballabgarh,2026-09-11T03:16:00+05:30,2026-09-11T04:24:00+05:30,2026-09-11T03:18:00+05:30,2026-09-11T04:26:00+05:30,68.0,68.0
12919,2026-09-10,127.0,FDB,Faridabad,2026-09-11T03:27:00+05:30,,2026-09-11T03:29:00+05:30,,,
12919,2026-09-10,131.0,NZM,Hazrat Nizamuddin Jn,2026-09-11T03:48:00+05:30,2026-09-11T05:10:00+05:30,2026-09-11T03:50:00+05:30,2026-09-11T05:13:00+05:30,82.0,83.0
12919,2026-09-10,135.0,NDLS,New Delhi,2026-09-11T04:15:00+05:30,2026-09-11T05:32:00+05:30,2026-09-11T04:30:00+05:30,2026-09-11T05:55:00+05:30,77.0,85.0
12919,2026-09-10,146.0,SNP,Sonipat,2026-09-11T05:10:00+05:30,2026-09-11T06:55:00+05:30,2026-09-11T05:12:00+05:30,2026-09-11T06:58:00+05:30,105.0,106.0
12919,2026-09-10,153.0,PNP,Panipat Jn,2026-09-11T05:40:00+05:30,2026-09-11T08:25:00+05:30,2026-09-11T05:42:00+05:30,2026-09-11T08:39:00+05:30,165.0,177.0
12919,2026-09-10,158.0,KUN,Karnal,2026-09-11T06:04:00+05:30,2026-09-11T09:05:00+05:30,2026-09-11T06:06:00+05:30,2026-09-11T09:27:00+05:30,181.0,201.0
12919,2026-09-10,163.0,KKDE,Kurukshetra Jn,2026-09-11T06:30:00+05:30,2026-09-11T09:51:00+05:30,2026-09-11T06:32:00+05:30,2026-09-11T10:01:00+05:30,201.0,209.0
12919,2026-09-10,169.0,UMB,Ambala Cantt Jn,2026-09-11T07:30:00+05:30,2026-09-11T12:01:00+05:30,2026-09-11T07:35:00+05:30,2026-09-11T12:14:00+05:30,271.0,279.0
12919,2026-09-10,175.0,SIR,Sirhind Jn,2026-09-11T08:08:00+05:30,2026-09-11T12:55:00+05:30,2026-09-11T08:10:00+05:30,2026-09-11T13:46:00+05:30,287.0,336.0
12919,2026-09-10,177.0,KNN,Khanna,2026-09-11T08:25:00+05:30,2026-09-11T14:01:00+05:30,2026-09-11T08:27:00+05:30,2026-09-11T14:42:00+05:30,336.0,375.0
12919,2026-09-10,184.0,LDH,Ludhiana Jn,2026-09-11T09:40:00+05:30,2026-09-11T15:40:00+05:30,2026-09-11T09:50:00+05:30,2026-09-11T15:54:00+05:30,360.0,364.0
12919,2026-09-10,191.0,JRC,Jalandhar Cantt Jn,2026-09-11T10:33:00+05:30,2026-09-11T16:44:00+05:30,2026-09-11T10:36:00+05:30,2026-09-11T16:47:00+05:30,371.0,371.0
12919,2026-09-10,204.0,DZA,Dasua,2026-09-11T11:41:00+05:30,2026-09-11T17:51:00+05:30,2026-09-11T11:43:00+05:30,2026-09-11T17:53:00+05:30,370.0,370.0
12919,2026-09-10,207.0,MEX,Mukerian,2026-09-11T11:58:00+05:30,2026-09-11T18:10:00+05:30,2026-09-11T12:00:00+05:30,2026-09-11T18:12:00+05:30,372.0,372.0
12919,2026-09-10,214.0,PTKC,Pathankot Cantt,2026-09-11T12:27:00+05:30,2026-09-11T18:48:00+05:30,2026-09-11T12:30:00+05:30,2026-09-11T18:50:00+05:30,381.0,380.0
12919,2026-09-10,218.0,MSKT,Martyr Captain Sunil Kumar Choudhary Kathua,2026-09-11T13:08:00+05:30,,2026-09-11T13:10:00+05:30,,,
12919,2026-09-10,228.0,JAT,Jammu Tawi,2026-09-11T14:30:00+05:30,2026-09-11T20:27:00+05:30,2026-09-11T14:35:00+05:30,2026-09-11T20:36:00+05:30,357.0,361.0
12919,2026-09-10,232.0,RMJK,Ramnagar (J-K),2026-09-11T15:19:00+05:30,2026-09-11T21:37:00+05:30,2026-09-11T15:21:00+05:30,2026-09-11T21:39:00+05:30,378.0,378.0
12919,2026-09-10,233.0,MCTM,MCTM Udhampur,2026-09-11T15:43:00+05:30,2026-09-11T21:54:00+05:30,2026-09-11T15:45:00+05:30,2026-09-11T21:56:00+05:30,371.0,371.0
12919,2026-09-10,234.0,CRWL,Chak-Rakhwal,2026-09-11T15:58:00+05:30,2026-09-11T22:11:00+05:30,2026-09-11T16:00:00+05:30,2026-09-11T22:12:00+05:30,373.0,372.0
12919,2026-09-10,235.0,SVDK,Shri Mata Vaishno Devi Katra,2026-09-11T16:30:00+05:30,2026-09-11T22:39:00+05:30,,,369.0,
12919,2026-09-11,1.0,DADN,Dr. Ambedkar Nagar,,,2026-09-11T11:50:00+05:30,2026-09-11T11:51:00+05:30,,1.0
12919,2026-09-11,7.0,INDB,Indore Jn,2026-09-11T12:05:00+05:30,2026-09-11T12:11:00+05:30,2026-09-11T12:15:00+05:30,2026-09-11T12:19:00+05:30,6.0,4.0
12919,2026-09-11,13.0,DWX,Dewas,2026-09-11T12:51:00+05:30,2026-09-11T12:52:00+05:30,2026-09-11T12:53:00+05:30,2026-09-11T12:54:00+05:30,1.0,1.0
12919,2026-09-11,19.0,UJN,Ujjain Jn,2026-09-11T13:45:00+05:30,2026-09-11T13:36:00+05:30,2026-09-11T14:00:00+05:30,2026-09-11T14:14:00+05:30,-9.0,14.0
12919,2026-09-11,24.0,MKC,Maksi,2026-09-11T14:35:00+05:30,2026-09-11T14:49:00+05:30,2026-09-11T14:36:00+05:30,2026-09-11T14:52:00+05:30,14.0,16.0
12919,2026-09-11,26.0,BCH,Berchha,2026-09-11T14:51:00+05:30,2026-09-11T15:08:00+05:30,2026-09-11T14:53:00+05:30,2026-09-11T15:10:00+05:30,17.0,17.0
12919,2026-09-11,30.0,AKD,Akodia,2026-09-11T15:19:00+05:30,2026-09-11T15:31:00+05:30,2026-09-11T15:20:00+05:30,2026-09-11T15:33:00+05:30,12.0,13.0
12919,2026-09-11,32.0,SJP,Shujalpur,2026-09-11T15:32:00+05:30,2026-09-11T15:45:00+05:30,2026-09-11T15:34:00+05:30,2026-09-11T15:47:00+05:30,13.0,13.0
12919,2026-09-11,34.0,KPP,Kalapipal,2026-09-11T15:47:00+05:30,2026-09-11T15:58:00+05:30,2026-09-11T15:48:00+05:30,2026-09-11T16:00:00+05:30,11.0,12.0
12919,2026-09-11,38.0,SEH,Sehore,2026-09-11T16:10:00+05:30,2026-09-11T16:22:00+05:30,2026-09-11T16:11:00+05:30,2026-09-11T16:25:00+05:30,12.0,14.0
12919,2026-09-11,42.0,SHRN,Sant Hirdaram Nagar Jn,2026-09-11T16:53:00+05:30,2026-09-11T16:50:00+05:30,2026-09-11T16:55:00+05:30,2026-09-11T17:21:00+05:30,-3.0,26.0
12919,2026-09-11,43.0,BPL,Bhopal Jn,2026-09-11T17:20:00+05:30,2026-09-11T17:51:00+05:30,2026-09-11T17:30:00+05:30,2026-09-11T18:44:00+05:30,31.0,74.0
12919,2026-09-11,44.0,NSZ,Nishatpura,2026-09-11T17:42:00+05:30,2026-09-11T18:57:00+05:30,2026-09-11T17:44:00+05:30,2026-09-11T18:58:00+05:30,75.0,74.0
12919,2026-09-11,50.0,BHS,Vidisha,2026-09-11T18:05:00+05:30,2026-09-11T19:36:00+05:30,2026-09-11T18:07:00+05:30,2026-09-11T19:38:00+05:30,91.0,91.0
12919,2026-09-11,55.0,BAQ,Ganj Basoda,2026-09-11T18:31:00+05:30,2026-09-11T20:08:00+05:30,2026-09-11T18:33:00+05:30,2026-09-11T20:11:00+05:30,97.0,98.0
12919,2026-09-11,61.0,BINA,Bina Jn,2026-09-11T19:30:00+05:30,2026-09-11T20:48:00+05:30,2026-09-11T19:35:00+05:30,2026-09-11T20:54:00+05:30,78.0,79.0
12919,2026-09-11,68.0,LAR,Lalitpur,2026-09-11T20:14:00+05:30,2026-09-11T21:56:00+05:30,2026-09-11T20:16:00+05:30,2026-09-11T21:59:00+05:30,102.0,103.0
12919,2026-09-11,77.0,BAB,Babina,2026-09-11T20:54:00+05:30,2026-09-11T22:39:00+05:30,2026-09-11T20:56:00+05:30,2026-09-11T22:42:00+05:30,105.0,106.0
12919,2026-09-11,80.0,VGLJ,Veerangana Lakshmibai Jhansi,2026-09-11T21:30:00+05:30,2026-09-11T23:04:00+05:30,2026-09-11T21:38:00+05:30,2026-09-11T23:13:00+05:30,94.0,95.0
12919,2026-09-11,82.0,DAA,Datia,2026-09-11T21:59:00+05:30,2026-09-11T23:42:00+05:30,2026-09-11T22:01:00+05:30,2026-09-11T23:44:00+05:30,103.0,103.0
12919,2026-09-11,85.0,DBA,Dabra,2026-09-11T22:22:00+05:30,2026-09-12T00:05:00+05:30,2026-09-11T22:24:00+05:30,2026-09-12T00:07:00+05:30,103.0,103.0
12919,2026-09-11,91.0,GWL,Gwalior Jn,2026-09-11T22:54:00+05:30,2026-09-12T00:43:00+05:30,2026-09-11T22:56:00+05:30,2026-09-12T00:46:00+05:30,109.0,110.0
12919,2026-09-11,97.0,MRA,Morena,2026-09-11T23:25:00+05:30,2026-09-12T01:12:00+05:30,2026-09-11T23:27:00+05:30,2026-09-12T01:14:00+05:30,107.0,107.0
12919,2026-09-11,101.0,DHO,Dhaulpur,2026-09-12T00:08:00+05:30,2026-09-12T01:36:00+05:30,2026-09-12T00:10:00+05:30,2026-09-12T01:38:00+05:30,88.0,88.0
12919,2026-09-11,105.0,AGC,Agra Cantt,2026-09-12T00:40:00+05:30,2026-09-12T02:23:00+05:30,2026-09-12T00:45:00+05:30,2026-09-12T02:28:00+05:30,103.0,103.0
12919,2026-09-11,113.0,MTJ,Mathura Jn,2026-09-12T01:23:00+05:30,2026-09-12T03:07:00+05:30,2026-09-12T01:25:00+05:30,2026-09-12T03:10:00+05:30,104.0,105.0
12919,2026-09-11,118.0,KSV,Kosi Kalan,2026-09-12T01:52:00+05:30,2026-09-12T03:38:00+05:30,2026-09-12T01:54:00+05:30,2026-09-12T03:44:00+05:30,106.0,110.0
12919,2026-09-11,123.0,PWL,Palwal,2026-09-12T02:58:00+05:30,2026-09-12T04:18:00+05:30,2026-09-12T03:00:00+05:30,2026-09-12T04:20:00+05:30,80.0,80.0
12919,2026-09-11,125.0,BVH,Ballabgarh,2026-09-12T03:16:00+05:30,,2026-09-12T03:18:00+05:30,,,
12919,2026-09-11,127.0,FDB,Faridabad,2026-09-12T03:27:00+05:30,,2026-09-12T03:29:00+05:30,,,
12919,2026-09-11,131.0,NZM,Hazrat Nizamuddin Jn,2026-09-12T03:48:00+05:30,2026-09-12T05:55:00+05:30,2026-09-12T03:50:00+05:30,2026-09-12T05:58:00+05:30,127.0,128.0
12919,2026-09-11,135.0,NDLS,New Delhi,2026-09-12T04:15:00+05:30,2026-09-12T06:41:00+05:30,2026-09-12T04:30:00+05:30,2026-09-12T06:52:00+05:30,146.0,142.0
12919,2026-09-11,146.0,SNP,Sonipat,2026-09-12T05:10:00+05:30,2026-09-12T08:14:00+05:30,2026-09-12T05:12:00+05:30,2026-09-12T08:36:00+05:30,184.0,204.0
12919,2026-09-11,153.0,PNP,Panipat Jn,2026-09-12T05:40:00+05:30,2026-09-12T09:58:00+05:30,2026-09-12T05:42:00+05:30,2026-09-12T10:00:00+05:30,258.0,258.0
12919,2026-09-11,158.0,KUN,Karnal,2026-09-12T06:04:00+05:30,2026-09-12T10:22:00+05:30,2026-09-12T06:06:00+05:30,2026-09-12T10:24:00+05:30,258.0,258.0
12919,2026-09-11,163.0,KKDE,Kurukshetra Jn,2026-09-12T06:30:00+05:30,2026-09-12T11:07:00+05:30,2026-09-12T06:32:00+05:30,2026-09-12T11:09:00+05:30,277.0,277.0
12919,2026-09-11,169.0,UMB,Ambala Cantt Jn,2026-09-12T07:30:00+05:30,2026-09-12T12:22:00+05:30,2026-09-12T07:35:00+05:30,2026-09-12T12:28:00+05:30,292.0,293.0
12919,2026-09-11,175.0,SIR,Sirhind Jn,2026-09-12T08:08:00+05:30,2026-09-12T13:10:00+05:30,2026-09-12T08:10:00+05:30,2026-09-12T13:12:00+05:30,302.0,302.0
12919,2026-09-11,177.0,KNN,Khanna,2026-09-12T08:25:00+05:30,2026-09-12T13:26:00+05:30,2026-09-12T08:27:00+05:30,2026-09-12T14:10:00+05:30,301.0,343.0
12919,2026-09-11,184.0,LDH,Ludhiana Jn,2026-09-12T09:40:00+05:30,2026-09-12T15:47:00+05:30,2026-09-12T09:50:00+05:30,2026-09-12T16:03:00+05:30,367.0,373.0
12919,2026-09-11,191.0,JRC,Jalandhar Cantt Jn,2026-09-12T10:33:00+05:30,2026-09-12T17:18:00+05:30,2026-09-12T10:36:00+05:30,2026-09-12T17:21:00+05:30,405.0,405.0
12919,2026-09-11,204.0,DZA,Dasua,2026-09-12T11:41:00+05:30,2026-09-12T18:08:00+05:30,2026-09-12T11:43:00+05:30,2026-09-12T18:10:00+05:30,387.0,387.0
12919,2026-09-11,207.0,MEX,Mukerian,2026-09-12T11:58:00+05:30,2026-09-12T18:27:00+05:30,2026-09-12T12:00:00+05:30,2026-09-12T18:29:00+05:30,389.0,389.0
12919,2026-09-11,214.0,PTKC,Pathankot Cantt,2026-09-12T12:27:00+05:30,2026-09-12T19:02:00+05:30,2026-09-12T12:30:00+05:30,2026-09-12T19:05:00+05:30,395.0,395.0
12919,2026-09-11,218.0,MSKT,Martyr Captain Sunil Kumar Choudhary Kathua,2026-09-12T13:08:00+05:30,2026-09-12T19:36:00+05:30,2026-09-12T13:10:00+05:30,2026-09-12T19:40:00+05:30,388.0,390.0
12919,2026-09-11,228.0,JAT,Jammu Tawi,2026-09-12T14:30:00+05:30,2026-09-12T20:44:00+05:30,2026-09-12T14:35:00+05:30,2026-09-12T20:51:00+05:30,374.0,376.0
12919,2026-09-11,232.0,RMJK,Ramnagar (J-K),2026-09-12T15:19:00+05:30,2026-09-12T22:06:00+05:30,2026-09-12T15:21:00+05:30,2026-09-12T22:07:00+05:30,407.0,406.0
12919,2026-09-11,233.0,MCTM,MCTM Udhampur,2026-09-12T15:43:00+05:30,2026-09-12T22:22:00+05:30,2026-09-12T15:45:00+05:30,2026-09-12T22:24:00+05:30,399.0,399.0
12919,2026-09-11,234.0,CRWL,Chak-Rakhwal,2026-09-12T15:58:00+05:30,2026-09-12T22:41:00+05:30,2026-09-12T16:00:00+05:30,2026-09-12T22:52:00+05:30,403.0,412.0
12919,2026-09-11,235.0,SVDK,Shri Mata Vaishno Devi Katra,2026-09-12T16:30:00+05:30,2026-09-12T23:11:00+05:30,,,401.0,
12919,2026-09-12,,DADN,Dr. Ambedkar Nagar,,,2026-09-12T11:50:00+05:30,2026-09-12T11:54:21+05:30,,4.0
12919,2026-09-12,,INDB,Indore Jn,2026-09-12T12:05:00+05:30,2026-09-12T12:03:57+05:30,2026-09-12T12:15:00+05:30,2026-09-12T12:27:34+05:30,0.0,13.0
12919,2026-09-12,,DWX,Dewas,2026-09-12T12:51:00+05:30,2026-09-12T12:51:40+05:30,2026-09-12T12:53:00+05:30,2026-09-12T12:56:26+05:30,1.0,3.0
12919,2026-09-12,,UJN,Ujjain Jn,2026-09-12T13:45:00+05:30,2026-09-12T13:34:27+05:30,2026-09-12T14:00:00+05:30,,0.0,
12919,2026-09-12,,MKC,Maksi,2026-09-12T14:35:00+05:30,2026-09-12T14:41:20+05:30,2026-09-12T14:36:00+05:30,2026-09-12T14:45:46+05:30,6.0,10.0
12919,2026-09-12,,BCH,Berchha,2026-09-12T14:51:00+05:30,2026-09-12T14:58:32+05:30,2026-09-12T14:53:00+05:30,2026-09-12T15:01:06+05:30,8.0,8.0
12919,2026-09-12,,AKD,Akodia,2026-09-12T15:19:00+05:30,2026-09-12T15:24:49+05:30,2026-09-12T15:20:00+05:30,2026-09-12T15:29:08+05:30,6.0,9.0
12919,2026-09-12,,SJP,Shujalpur,2026-09-12T15:32:00+05:30,2026-09-12T15:40:07+05:30,2026-09-12T15:34:00+05:30,2026-09-12T15:43:12+05:30,8.0,9.0
12919,2026-09-12,,KPP,Kalapipal,2026-09-12T15:47:00+05:30,2026-09-12T15:52:04+05:30,2026-09-12T15:48:00+05:30,2026-09-12T15:56:02+05:30,5.0,8.0
12919,2026-09-12,,SEH,Sehore,2026-09-12T16:10:00+05:30,2026-09-12T16:12:53+05:30,2026-09-12T16:11:00+05:30,2026-09-12T16:19:29+05:30,3.0,8.0
12919,2026-09-12,,SHRN,Sant Hirdaram Nagar Jn,2026-09-12T16:53:00+05:30,2026-09-12T16:48:52+05:30,2026-09-12T16:55:00+05:30,2026-09-12T16:55:00+05:30,0.0,0.0
12919,2026-09-12,,BPL,Bhopal Jn,2026-09-12T17:20:00+05:30,2026-09-12T17:25:11+05:30,2026-09-12T17:30:00+05:30,2026-09-12T17:36:43+05:30,5.0,7.0
12919,2026-09-12,,NSZ,Nishatpura,2026-09-12T17:42:00+05:30,2026-09-12T18:11:47+05:30,2026-09-12T17:44:00+05:30,2026-09-12T18:23:40+05:30,30.0,40.0
12919,2026-09-12,,BHS,Vidisha,2026-09-12T18:05:00+05:30,2026-09-12T19:09:16+05:30,2026-09-12T18:07:00+05:30,2026-09-12T19:13:22+05:30,64.0,66.0
12919,2026-09-12,,BAQ,Ganj Basoda,2026-09-12T18:31:00+05:30,2026-09-12T19:42:09+05:30,2026-09-12T18:33:00+05:30,2026-09-12T19:44:39+05:30,71.0,72.0
12919,2026-09-12,,BINA,Bina Jn,2026-09-12T19:30:00+05:30,2026-09-12T20:47:36+05:30,2026-09-12T19:35:00+05:30,2026-09-12T21:00:17+05:30,78.0,85.0
12919,2026-09-12,,LAR,Lalitpur,2026-09-12T20:14:00+05:30,2026-09-12T21:44:08+05:30,2026-09-12T20:16:00+05:30,2026-09-12T21:53:27+05:30,90.0,97.0
12919,2026-09-12,,BAB,Babina,2026-09-12T20:54:00+05:30,2026-09-12T22:28:18+05:30,2026-09-12T20:56:00+05:30,2026-09-12T22:36:09+05:30,94.0,100.0
12919,2026-09-12,,VGLJ,Veerangana Lakshmibai Jhansi,2026-09-12T21:30:00+05:30,2026-09-12T23:05:56+05:30,2026-09-12T21:38:00+05:30,2026-09-12T23:21:13+05:30,96.0,103.0
12919,2026-09-12,,DAA,Datia,2026-09-12T21:59:00+05:30,2026-09-12T23:39:16+05:30,2026-09-12T22:01:00+05:30,2026-09-12T23:48:21+05:30,100.0,107.0
12919,2026-09-12,,DBA,Dabra,2026-09-12T22:22:00+05:30,2026-09-13T00:04:20+05:30,2026-09-12T22:24:00+05:30,2026-09-13T00:12:33+05:30,102.0,109.0
12919,2026-09-12,,GWL,Gwalior Jn,2026-09-12T22:54:00+05:30,2026-09-13T00:52:00+05:30,2026-09-12T22:56:00+05:30,2026-09-13T00:54:00+05:30,118.0,118.0
12919,2026-09-12,,MRA,Morena,2026-09-12T23:25:00+05:30,2026-09-13T01:23:00+05:30,2026-09-12T23:27:00+05:30,2026-09-13T01:25:00+05:30,118.0,118.0
12919,2026-09-12,,DHO,Dhaulpur,2026-09-13T00:08:00+05:30,2026-09-13T02:06:00+05:30,2026-09-13T00:10:00+05:30,2026-09-13T02:08:00+05:30,118.0,118.0
12919,2026-09-12,,AGC,Agra Cantt,2026-09-13T00:40:00+05:30,2026-09-13T02:38:00+05:30,2026-09-13T00:45:00+05:30,2026-09-13T02:43:00+05:30,118.0,118.0
12919,2026-09-12,,MTJ,Mathura Jn,2026-09-13T01:23:00+05:30,2026-09-13T03:21:00+05:30,2026-09-13T01:25:00+05:30,2026-09-13T03:23:00+05:30,118.0,118.0
12919,2026-09-12,,KSV,Kosi Kalan,2026-09-13T01:52:00+05:30,2026-09-13T03:50:00+05:30,2026-09-13T01:54:00+05:30,2026-09-13T03:52:00+05:30,118.0,118.0
12919,2026-09-12,,PWL,Palwal,2026-09-13T02:58:00+05:30,2026-09-13T04:56:00+05:30,2026-09-13T03:00:00+05:30,2026-09-13T04:58:00+05:30,118.0,118.0
12919,2026-09-12,,BVH,Ballabgarh,2026-09-13T03:16:00+05:30,2026-09-13T05:14:00+05:30,2026-09-13T03:18:00+05:30,2026-09-13T05:16:00+05:30,118.0,118.0
12919,2026-09-12,,FDB,Faridabad,2026-09-13T03:27:00+05:30,2026-09-13T05:25:00+05:30,2026-09-13T03:29:00+05:30,2026-09-13T05:27:00+05:30,118.0,118.0
12919,2026-09-12,,NZM,Hazrat Nizamuddin Jn,2026-09-13T03:48:00+05:30,2026-09-13T05:46:00+05:30,2026-09-13T03:50:00+05:30,2026-09-13T05:48:00+05:30,118.0,118.0
12919,2026-09-12,,NDLS,New Delhi,2026-09-13T04:15:00+05:30,2026-09-13T06:13:00+05:30,2026-09-13T04:30:00+05:30,2026-09-13T06:28:00+05:30,118.0,118.0
12919,2026-09-12,,SNP,Sonipat,2026-09-13T05:10:00+05:30,2026-09-13T07:08:00+05:30,2026-09-13T05:12:00+05:30,2026-09-13T07:10:00+05:30,118.0,118.0
12919,2026-09-12,,PNP,Panipat Jn,2026-09-13T05:40:00+05:30,2026-09-13T07:38:00+05:30,2026-09-13T05:42:00+05:30,2026-09-13T07:40:00+05:30,118.0,118.0
12919,2026-09-12,,KUN,Karnal,2026-09-13T06:04:00+05:30,2026-09-13T08:02:00+05:30,2026-09-13T06:06:00+05:30,2026-09-13T08:04:00+05:30,118.0,118.0
12919,2026-09-12,,KKDE,Kurukshetra Jn,2026-09-13T06:30:00+05:30,2026-09-13T08:28:00+05:30,2026-09-13T06:32:00+05:30,2026-09-13T08:30:00+05:30,118.0,118.0
12919,2026-09-12,,UMB,Ambala Cantt Jn,2026-09-13T07:30:00+05:30,2026-09-13T09:28:00+05:30,2026-09-13T07:35:00+05:30,2026-09-13T09:33:00+05:30,118.0,118.0
12919,2026-09-12,,SIR,Sirhind Jn,2026-09-13T08:08:00+05:30,2026-09-13T10:06:00+05:30,2026-09-13T08:10:00+05:30,2026-09-13T10:08:00+05:30,118.0,118.0
12919,2026-09-12,,KNN,Khanna,2026-09-13T08:25:00+05:30,2026-09-13T10:23:00+05:30,2026-09-13T08:27:00+05:30,2026-09-13T10:25:00+05:30,118.0,118.0
12919,2026-09-12,,LDH,Ludhiana Jn,2026-09-13T09:40:00+05:30,2026-09-13T11:38:00+05:30,2026-09-13T09:50:00+05:30,2026-09-13T11:48:00+05:30,118.0,118.0
12919,2026-09-12,,JRC,Jalandhar Cantt Jn,2026-09-13T10:33:00+05:30,2026-09-13T12:31:00+05:30,2026-09-13T10:36:00+05:30,2026-09-13T12:34:00+05:30,118.0,118.0
12919,2026-09-12,,DZA,Dasua,2026-09-13T11:41:00+05:30,2026-09-13T13:39:00+05:30,2026-09-13T11:43:00+05:30,2026-09-13T13:41:00+05:30,118.0,118.0
12919,2026-09-12,,MEX,Mukerian,2026-09-13T11:58:00+05:30,2026-09-13T13:56:00+05:30,2026-09-13T12:00:00+05:30,2026-09-13T13:58:00+05:30,118.0,118.0
12919,2026-09-12,,PTKC,Pathankot Cantt,2026-09-13T12:27:00+05:30,2026-09-13T14:25:00+05:30,2026-09-13T12:30:00+05:30,2026-09-13T14:28:00+05:30,118.0,118.0
12919,2026-09-12,,MSKT,Martyr Captain Sunil Kumar Choudhary Kathua,2026-09-13T13:08:00+05:30,2026-09-13T15:06:00+05:30,2026-09-13T13:10:00+05:30,2026-09-13T15:08:00+05:30,118.0,118.0
12919,2026-09-12,,JAT,Jammu Tawi,2026-09-13T14:30:00+05:30,2026-09-13T16:28:00+05:30,2026-09-13T14:35:00+05:30,2026-09-13T16:33:00+05:30,118.0,118.0
12919,2026-09-12,,RMJK,Ramnagar (J-K),2026-09-13T15:19:00+05:30,2026-09-13T17:17:00+05:30,2026-09-13T15:21:00+05:30,2026-09-13T17:19:00+05:30,118.0,118.0
12919,2026-09-12,,MCTM,MCTM Udhampur,2026-09-13T15:43:00+05:30,2026-09-13T17:41:00+05:30,2026-09-13T15:45:00+05:30,2026-09-13T17:43:00+05:30,118.0,118.0
12919,2026-09-12,,CRWL,Chak-Rakhwal,2026-09-13T15:58:00+05:30,2026-09-13T17:56:00+05:30,2026-09-13T16:00:00+05:30,2026-09-13T17:58:00+05:30,118.0,118.0
12919,2026-09-12,,SVDK,Shri Mata Vaishno Devi Katra,2026-09-13T16:30:00+05:30,2026-09-13T18:28:00+05:30,,,118.0,
12920,2026-09-11,1.0,SVDK,Shri Mata Vaishno Devi Katra,,,2026-09-11T08:35:00+05:30,2026-09-11T08:35:00+05:30,,0.0
12920,2026-09-11,2.0,CRWL,Chak-Rakhwal,2026-09-11T08:49:00+05:30,2026-09-11T08:59:00+05:30,2026-09-11T08:51:00+05:30,,10.0,
12920,2026-09-11,3.0,MCTM,MCTM Udhampur,2026-09-11T09:08:00+05:30,2026-09-11T09:17:00+05:30,2026-09-11T09:10:00+05:30,2026-09-11T09:19:00+05:30,9.0,9.0
12920,2026-09-11,4.0,RMJK,Ramnagar (J-K),2026-09-11T09:24:00+05:30,2026-09-11T09:35:00+05:30,2026-09-11T09:26:00+05:30,2026-09-11T09:36:00+05:30,11.0,10.0
12920,2026-09-11,8.0,JAT,Jammu Tawi,2026-09-11T10:20:00+05:30,2026-09-11T10:27:00+05:30,2026-09-11T10:30:00+05:30,2026-09-11T10:34:00+05:30,7.0,4.0
12920,2026-09-11,18.0,MSKT,Martyr Captain Sunil Kumar Choudhary Kathua,2026-09-11T11:35:00+05:30,2026-09-11T11:38:00+05:30,2026-09-11T11:37:00+05:30,2026-09-11T11:40:00+05:30,3.0,3.0
12920,2026-09-11,22.0,PTKC,Pathankot Cantt,2026-09-11T12:15:00+05:30,2026-09-11T12:15:00+05:30,2026-09-11T12:18:00+05:30,2026-09-11T12:18:00+05:30,0.0,0.0
12920,2026-09-11,29.0,MEX,Mukerian,2026-09-11T12:51:00+05:30,2026-09-11T12:55:00+05:30,2026-09-11T12:53:00+05:30,2026-09-11T12:58:00+05:30,4.0,5.0
12920,2026-09-11,32.0,DZA,Dasua,2026-09-11T13:08:00+05:30,2026-09-11T13:14:00+05:30,2026-09-11T13:10:00+05:30,2026-09-11T13:17:00+05:30,6.0,7.0
12920,2026-09-11,45.0,JRC,Jalandhar Cantt Jn,2026-09-11T14:15:00+05:30,2026-09-11T14:21:00+05:30,2026-09-11T14:18:00+05:30,2026-09-11T14:24:00+05:30,6.0,6.0
12920,2026-09-11,52.0,LDH,Ludhiana Jn,2026-09-11T15:05:00+05:30,2026-09-11T15:03:00+05:30,2026-09-11T15:15:00+05:30,2026-09-11T15:21:00+05:30,-2.0,6.0
12920,2026-09-11,59.0,KNN,Khanna,2026-09-11T15:58:00+05:30,2026-09-11T15:56:00+05:30,2026-09-11T16:00:00+05:30,2026-09-11T16:00:00+05:30,-2.0,0.0
12920,2026-09-11,61.0,SIR,Sirhind Jn,2026-09-11T16:14:00+05:30,2026-09-11T16:14:00+05:30,2026-09-11T16:16:00+05:30,2026-09-11T16:16:00+05:30,0.0,0.0
12920,2026-09-11,67.0,UMB,Ambala Cantt Jn,2026-09-11T17:00:00+05:30,2026-09-11T17:00:00+05:30,2026-09-11T17:05:00+05:30,2026-09-11T17:05:00+05:30,0.0,0.0
12920,2026-09-11,73.0,KKDE,Kurukshetra Jn,2026-09-11T17:35:00+05:30,2026-09-11T17:40:00+05:30,2026-09-11T17:37:00+05:30,2026-09-11T17:42:00+05:30,5.0,5.0
12920,2026-09-11,78.0,KUN,Karnal,2026-09-11T18:00:00+05:30,2026-09-11T18:04:00+05:30,2026-09-11T18:02:00+05:30,2026-09-11T18:06:00+05:30,4.0,4.0
12920,2026-09-11,83.0,PNP,Panipat Jn,2026-09-11T18:24:00+05:30,2026-09-11T18:33:00+05:30,2026-09-11T18:26:00+05:30,2026-09-11T18:48:00+05:30,9.0,22.0
12920,2026-09-11,90.0,SNP,Sonipat,2026-09-11T18:54:00+05:30,2026-09-11T19:23:00+05:30,2026-09-11T18:56:00+05:30,2026-09-11T19:26:00+05:30,29.0,30.0
12920,2026-09-11,99.0,SZM,Subzi Mandi,2026-09-11T19:36:00+05:30,2026-09-11T19:58:00+05:30,2026-09-11T19:38:00+05:30,2026-09-11T20:00:00+05:30,22.0,22.0
12920,2026-09-11,101.0,NDLS,New Delhi,2026-09-11T20:15:00+05:30,2026-09-11T20:19:00+05:30,2026-09-11T20:30:00+05:30,2026-09-11T21:36:00+05:30,4.0,66.0
12920,2026-09-11,109.0,FDB,Faridabad,2026-09-11T21:01:00+05:30,,2026-09-11T21:03:00+05:30,,,
12920,2026-09-11,111.0,BVH,Ballabgarh,2026-09-11T21:12:00+05:30,2026-09-11T22:39:00+05:30,2026-09-11T21:14:00+05:30,2026-09-11T22:46:00+05:30,87.0,92.0
12920,2026-09-11,113.0,PWL,Palwal,2026-09-11T21:40:00+05:30,2026-09-11T23:03:00+05:30,2026-09-11T21:42:00+05:30,2026-09-11T23:07:00+05:30,83.0,85.0
12920,2026-09-11,118.0,KSV,Kosi Kalan,2026-09-11T22:08:00+05:30,2026-09-11T23:35:00+05:30,2026-09-11T22:10:00+05:30,2026-09-11T23:37:00+05:30,87.0,87.0
12920,2026-09-11,123.0,MTJ,Mathura Jn,2026-09-11T22:38:00+05:30,2026-09-12T00:14:00+05:30,2026-09-11T22:40:00+05:30,2026-09-12T00:17:00+05:30,96.0,97.0
12920,2026-09-11,131.0,AGC,Agra Cantt,2026-09-11T23:15:00+05:30,2026-09-12T00:57:00+05:30,2026-09-11T23:20:00+05:30,2026-09-12T01:01:00+05:30,102.0,101.0
12920,2026-09-11,135.0,DHO,Dhaulpur,2026-09-12T00:13:00+05:30,2026-09-12T01:41:00+05:30,2026-09-12T00:15:00+05:30,2026-09-12T01:43:00+05:30,88.0,88.0
12920,2026-09-11,139.0,MRA,Morena,2026-09-12T00:50:00+05:30,2026-09-12T02:03:00+05:30,2026-09-12T00:52:00+05:30,2026-09-12T02:06:00+05:30,73.0,74.0
12920,2026-09-11,145.0,GWL,Gwalior Jn,2026-09-12T01:20:00+05:30,2026-09-12T02:40:00+05:30,2026-09-12T01:22:00+05:30,2026-09-12T02:52:00+05:30,80.0,90.0
12920,2026-09-11,151.0,DBA,Dabra,2026-09-12T02:02:00+05:30,2026-09-12T03:33:00+05:30,2026-09-12T02:04:00+05:30,2026-09-12T03:35:00+05:30,91.0,91.0
12920,2026-09-11,154.0,DAA,Datia,2026-09-12T02:28:00+05:30,2026-09-12T04:00:00+05:30,2026-09-12T02:30:00+05:30,2026-09-12T04:02:00+05:30,92.0,92.0
12920,2026-09-11,156.0,VGLJ,Veerangana Lakshmibai Jhansi,2026-09-12T03:05:00+05:30,2026-09-12T04:23:00+05:30,2026-09-12T03:13:00+05:30,2026-09-12T04:31:00+05:30,78.0,78.0
12920,2026-09-11,159.0,BAB,Babina,2026-09-12T03:37:00+05:30,2026-09-12T04:57:00+05:30,2026-09-12T03:39:00+05:30,2026-09-12T04:59:00+05:30,80.0,80.0
12920,2026-09-11,168.0,LAR,Lalitpur,2026-09-12T04:21:00+05:30,2026-09-12T05:43:00+05:30,2026-09-12T04:23:00+05:30,2026-09-12T05:46:00+05:30,82.0,83.0
12920,2026-09-11,175.0,BINA,Bina Jn,2026-09-12T05:30:00+05:30,2026-09-12T06:28:00+05:30,2026-09-12T05:35:00+05:30,2026-09-12T06:32:00+05:30,58.0,57.0
12920,2026-09-11,181.0,BAQ,Ganj Basoda,2026-09-12T06:06:00+05:30,2026-09-12T07:08:00+05:30,2026-09-12T06:08:00+05:30,2026-09-12T07:10:00+05:30,62.0,62.0
12920,2026-09-11,186.0,BHS,Vidisha,2026-09-12T06:33:00+05:30,2026-09-12T07:36:00+05:30,2026-09-12T06:35:00+05:30,2026-09-12T07:39:00+05:30,63.0,64.0
12920,2026-09-11,192.0,NSZ,Nishatpura,2026-09-12T07:30:00+05:30,2026-09-12T08:16:00+05:30,2026-09-12T07:32:00+05:30,2026-09-12T08:24:00+05:30,46.0,52.0
12920,2026-09-11,193.0,BPL,Bhopal Jn,2026-09-12T07:45:00+05:30,2026-09-12T08:34:00+05:30,2026-09-12T08:05:00+05:30,2026-09-12T09:37:00+05:30,49.0,92.0
12920,2026-09-11,194.0,SHRN,Sant Hirdaram Nagar Jn,2026-09-12T08:26:00+05:30,2026-09-12T09:55:00+05:30,2026-09-12T08:28:00+05:30,2026-09-12T09:58:00+05:30,89.0,90.0
12920,2026-09-11,198.0,SEH,Sehore,2026-09-12T08:38:00+05:30,2026-09-12T10:25:00+05:30,2026-09-12T08:39:00+05:30,2026-09-12T10:31:00+05:30,107.0,112.0
12920,2026-09-11,202.0,KPP,Kalapipal,2026-09-12T09:05:00+05:30,2026-09-12T10:53:00+05:30,2026-09-12T09:06:00+05:30,2026-09-12T10:55:00+05:30,108.0,109.0
12920,2026-09-11,204.0,SJP,Shujalpur,2026-09-12T09:18:00+05:30,2026-09-12T11:06:00+05:30,2026-09-12T09:20:00+05:30,2026-09-12T11:08:00+05:30,108.0,108.0
12920,2026-09-11,206.0,AKD,Akodia,2026-09-12T09:33:00+05:30,2026-09-12T11:20:00+05:30,2026-09-12T09:34:00+05:30,2026-09-12T11:22:00+05:30,107.0,108.0
12920,2026-09-11,210.0,BCH,Berchha,2026-09-12T10:00:00+05:30,2026-09-12T11:45:00+05:30,2026-09-12T10:02:00+05:30,2026-09-12T11:48:00+05:30,105.0,106.0
12920,2026-09-11,212.0,MKC,Maksi,2026-09-12T10:29:00+05:30,2026-09-12T12:09:00+05:30,2026-09-12T10:30:00+05:30,2026-09-12T12:11:00+05:30,100.0,101.0
12920,2026-09-11,217.0,UJN,Ujjain Jn,2026-09-12T11:20:00+05:30,2026-09-12T13:00:00+05:30,2026-09-12T11:35:00+05:30,2026-09-12T13:47:00+05:30,100.0,132.0
12920,2026-09-11,223.0,DWX,Dewas,2026-09-12T12:30:00+05:30,2026-09-12T14:27:00+05:30,2026-09-12T12:32:00+05:30,2026-09-12T14:32:00+05:30,117.0,120.0
12920,2026-09-11,229.0,INDB,Indore Jn,2026-09-12T13:35:00+05:30,2026-09-12T15:05:00+05:30,2026-09-12T13:45:00+05:30,2026-09-12T15:23:00+05:30,90.0,98.0
12920,2026-09-11,235.0,DADN,Dr. Ambedkar Nagar,2026-09-12T14:25:00+05:30,2026-09-12T15:45:00+05:30,,,80.0,
12951,2026-09-11,1.0,MMCT,Mumbai Central,,,2026-09-11T17:00:00+05:30,2026-09-11T17:01:00+05:30,,1.0
12951,2026-09-11,19.0,BVI,Borivali,2026-09-11T17:20:00+05:30,2026-09-11T17:36:00+05:30,2026-09-11T17:22:00+05:30,2026-09-11T17:39:00+05:30,16.0,17.0
12951,2026-09-11,60.0,ST,Surat,2026-09-11T19:43:00+05:30,2026-09-11T19:51:00+05:30,2026-09-11T19:48:00+05:30,2026-09-11T19:57:00+05:30,8.0,9.0
12951,2026-09-11,84.0,BRC,Vadodara Jn,2026-09-11T21:06:00+05:30,2026-09-11T21:15:00+05:30,2026-09-11T21:16:00+05:30,2026-09-11T21:24:00+05:30,9.0,8.0
12951,2026-09-11,120.0,RTM,Ratlam Jn,2026-09-12T00:25:00+05:30,2026-09-12T00:31:00+05:30,2026-09-12T00:28:00+05:30,2026-09-12T00:35:00+05:30,6.0,7.0
12951,2026-09-11,125.0,NAD,Nagda Jn,2026-09-12T01:08:00+05:30,2026-09-12T01:13:00+05:30,2026-09-12T01:10:00+05:30,2026-09-12T01:15:00+05:30,5.0,5.0
12951,2026-09-11,152.0,KOTA,Kota Jn,2026-09-12T03:15:00+05:30,2026-09-12T03:24:00+05:30,2026-09-12T03:20:00+05:30,2026-09-12T03:31:00+05:30,9.0,11.0
12951,2026-09-11,215.0,NDLS,New Delhi,2026-09-12T08:32:00+05:30,2026-09-12T08:35:00+05:30,,,3.0,
12952,2026-09-11,1.0,NDLS,New Delhi,,,2026-09-11T16:55:00+05:30,2026-09-11T17:46:00+05:30,,51.0
12952,2026-09-11,64.0,KOTA,Kota Jn,2026-09-11T21:30:00+05:30,2026-09-11T22:40:00+05:30,2026-09-11T21:40:00+05:30,2026-09-11T22:51:00+05:30,70.0,71.0
12952,2026-09-11,91.0,NAD,Nagda Jn,2026-09-11T23:57:00+05:30,2026-09-12T01:05:00+05:30,2026-09-11T23:59:00+05:30,2026-09-12T01:07:00+05:30,68.0,68.0
12952,2026-09-11,96.0,RTM,Ratlam Jn,2026-09-12T00:30:00+05:30,2026-09-12T01:44:00+05:30,2026-09-12T00:33:00+05:30,2026-09-12T01:48:00+05:30,74.0,75.0
12952,2026-09-11,132.0,BRC,Vadodara Jn,2026-09-12T03:40:00+05:30,2026-09-12T04:47:00+05:30,2026-09-12T03:50:00+05:30,2026-09-12T04:58:00+05:30,67.0,68.0
12952,2026-09-11,156.0,ST,Surat,2026-09-12T05:13:00+05:30,2026-09-12T06:20:00+05:30,2026-09-12T05:18:00+05:30,2026-09-12T06:30:00+05:30,67.0,72.0
12952,2026-09-11,197.0,BVI,Borivali,2026-09-12T07:38:00+05:30,,2026-09-12T07:40:00+05:30,,,
12952,2026-09-11,215.0,MMCT,Mumbai Central,2026-09-12T08:35:00+05:30,2026-09-12T09:40:00+05:30,,,65.0,
